text,intent,noise_level,split,is_hard_negative
availability arctic frost winter accessories bundle,product_stock,medium,train,
halo omniheat men's solid kan hooded puffer jacket habis belum ?,product_stock,medium,train,
paket in stock,product_stock,low,train,
Price list bertudung-biru-hijau-l,product_price,low,train,
Min harga penuh berapa,product_price,clean,train,
brp jacket-blue-gree-m,product_price,high,train,
permisi kak orderan saya yang 99 kok belum dateng,order_status,medium,train,
karakteristik omniheat men's ssolid hooded jacket-blue-green-m puffer,product_description,high,train,
sis harga penuh yang ini berapa nih,product_price,clean,train,
cara pakai paket aksesori musim dingin arctic frost,product_description,low,train,
tentang Jaket Puffer Pria OmniHeat Solid Bertudung-Biru-Kuning-L,product_description,low,train,
Harganya omniheat brp,product_price,high,train,
barng rusak,out_of_scope,high,train,
bos admin pembayaran apa aja yang diterima thx,payment_info,medium,train,
Pembayaran via apa,payment_info,clean,train,
kiriman 1 dimana,order_status,clean,train,
min stok bertudung-biru-kuning-l masih ada,product_stock,low,train,
karakteristik omniheat men's solid hooded puffer jacket-blue-yellow-l,product_description,medium,train,
mba accessories per unit berapa makasih,product_price,low,train,
Penuh mahal ga,product_price,low,train,
warmth ready stock,product_stock,clean,train,
size L jacket-blue-yellow-l ready,product_stock,clean,train,
Kak scarf terbuat dari bahan apa ya,product_description,clean,train,
hooded awet ga,product_description,high,train,
test,out_of_scope,low,train,
Brg gw ord001 dmn,order_status,clean,train,
sis bisa kredit ga ??,payment_info,medium,train,
Halo mau bayar pake cash thx,payment_info,high,train,
mau tanya apakah Paket Aksesori Musim Dingin Arctic Frost masih tesredia stoknya,product_stock,medium,train,
Biaya pria,product_price,low,train,
pelayanan buruk,out_of_scope,clean,train,
Size chart bertudung,product_description,medium,train,
harga jual tangan,product_price,medium,train,
Brg 67890 dmn,order_status,clean,train,
Stylish tinggal berapa,product_stock,clean,train,
min jaket puffer pria deh omniheat solid bertudung-biru-uning-m in stck pls,product_stock,high,train,
Harga jaket puffer pria omniheat solid bertudung-biru-kuning-l berapa,product_price,low,train,
udah dikirim blm ORD123,order_status,clean,train,
Hi hai thx,out_of_scope,low,train,
Pkaet gue sdh sampai mana,order_status,high,train,
Cara refund gimana,out_of_scope,low,train,
stock available jaket,product_stock,medium,train,
permisi apakah stok men's masih tersedia,product_stock,clean,train,
tolong bantu cek order saya nomor 1 ya,order_status,low,train,
barang saya kapan sapai,order_status,high,train,
cek harga scarf,product_price,low,train,
hi penuh ready stock min,product_stock,high,train,
Estimasi pengiriman order #99,order_status,medium,train,
admin ready cozy deh,product_stock,medium,train,
Penjelasan arctic warmth wool blend socks,product_description,medium,train,
misi kiriman aku mana ya thanks,order_status,high,train,
kak aksesori harganya berapa ya,product_price,clean,train,
Sisa stok jacket-blue-green-l,product_stock,low,train,
terima va bca ga,payment_info,clean,train,
Stk pia,product_stock,medium,train,
Hi warna lain rajut ada ??,product_stock,low,train,
Kak mau tanya pesanan saya dengan nomor order-123 sudah diproses belum ya,order_status,clean,train,
Metode pembayaran apa aja,payment_info,low,train,
availability wool,product_stock,clean,train,
halo mau min tanya dong pesanannya saya nomor nomor 888 itu udah sampe mana ya,order_status,medium,train,
btw cuaca hari ini gmn ??,out_of_scope,low,train,
Eh brp kaus kaki campuran wol arctic warmth dong,product_price,clean,train,
bahan campuran apa,product_description,low,train,
tangan terbut dari apa,product_description,medium,train,
Mau nanya fitur campuran apa aja,product_description,low,train,
admin bantuin dong please,out_of_scope,low,train,True
duit kupluk unisex rajut arctic cozy,product_price,high,train,
min mau bayar pake cimb bs,payment_info,medium,train,
bisa kredit ga sih,payment_info,high,train,
Arctic Cozy Knit Unisex Beanie berapa harganya ya,product_price,high,train,
harganya arctic frost winter accessories bundle brp,product_price,clean,train,
biaya sarung tangan musim dingin arctic layar sentuh,product_price,clean,train,
kok lama bgt orderan ord-555,order_status,low,train,
mas gimana pesanannya dong,order_status,clean,train,True
hai admin bisa cek pesanan #777 ga,order_status,low,train,
info produk jaket puffer pria omniheat solid bertudung-biru-kuning-l,product_description,low,train,
Bang metode payment deh,payment_info,high,train,
admin aksesroi masih ada ya kak,product_stock,medium,train,
Kak cek stk omniheat men's solid hooded puffer jacket-blue-green-l,product_stock,high,train,
btw mau tanya buat pembayarannya bsa pakai apa metode aja ya makasih,payment_info,high,train,
Kalo mau bayar pake gopay bisa ga min,payment_info,high,train,
Pria kosong ga,product_stock,low,train,
Stock aksesori berapa,product_stock,medium,train,
size chart Jaket Puffer Pria OmniHeat Solid Bertudung-Biru-Kuning-M,product_description,medium,train,
kamu bot ya,out_of_scope,clean,train,
Availability wool,product_stock,clean,train,
aSrung Tangan Musm Dingin Arctic Layar Sentuh import atau lokal,product_description,low,train,
halo apa kabar tolong,out_of_scope,high,train,
cek pesanan pesanan 111,order_status,low,train,
Arctic Warmth Wool Blend Socks rdy g,product_stock,high,train,
Sis mau tau cost kaus kaki campuran wol arctic warmth min,product_price,high,train,
Cancel pesanan,out_of_scope,medium,train,
Cozy brapa duit,product_price,medium,train,
ad syal g,product_stock,low,train,
Jaket puffer pria omniheat solid bertudung-biru-kuning-m sold uot?,product_stock,medium,train,
status pengiriman 1,order_status,low,train,
brg gw 1 dmn,order_status,medium,train,
Harga peuh yang ini berapah,product_price,low,train,
hi omniheat men's solid hooded puffer jacket-blue-green-m gmn sih thanks,product_description,high,train,
Bisa bayar sekarang,payment_info,clean,train,True
OmniHeat Men's Solid Hooded Puffer Jacket-Blue-Yellow-L bagus ga,product_description,clean,train,
warna Kupluk Rajut Unisex Arctic Cozy ada apa aja,product_description,clean,train,
cek psnan #555,order_status,low,train,
Ganti ukuran,out_of_scope,low,train,
warmth waterproof ga,product_description,clean,train,
kak sarung tangan musim dingin arctic layar sentuh masih ada ga stoknya,product_stock,medium,train,
cek emm pesanan 1,order_status,high,train,
info lengkapnya,product_description,clean,train,True
spec kupluk,product_description,medium,train,
sis opsi bayar gitu apa ?,payment_info,low,train,
Ready hooded,product_stock,medium,train,
Metode bayar apa aja tolong,payment_info,medium,train,
ready puffer,product_stock,clean,train,
mau nanya fitur bertudung apa aja,product_description,low,train,
min tolong lacak order 123 dong,order_status,low,train,
review bertudung-biru-kuning-l,product_description,medium,train,
siapa kamu,out_of_scope,high,train,
Halo min annya mau bertudung-biru-hijau-l mas!h ready stock tidak ya,product_stock,high,train,
boleh tau harga paket aksesori musim dingin arctic frost tidak,product_price,medium,train,
lacak pesanan ord-555,order_status,low,train,
mau nanya fitur kaus apa aja,product_description,clean,train,
Mau tau orderan 67890 udahh sampe mana,order_status,low,train,
bang bayar lewat gitu mana tolong,payment_info,medium,train,
hai brapa ya harga bertudung-biru-kuning-l makasih,product_price,high,train,
admin harga satuan bertudung-biru-hijau-l,product_price,clean,train,
scarf gmn sih,product_description,low,train,
kak jacket masih ada ga stoknya,product_stock,clean,train,
halo min mau tanya dong pesanannya saya nomor ORD-999 itu udah sampai mana ya,order_status,low,train,
mau tanya bisa bayar pakai cash tidak ya,payment_info,clean,train,
informasi lengkap kaus,product_description,clean,train,
selamat siang admin saya mau cek status pesanan nomor ord-001,order_status,low,train,
spesifikasi omniheat men's solid hooded pufer jacket,product_description,low,train,
min berapaan warmth ?,product_price,high,train,
Mba jaket puffer pria omniheat solid bertudung-biru-kuning-l msh ad?,product_stock,low,train,
pesanan #12345 udah sampai mana,order_status,clean,train,
Mau tuker ukuran,out_of_scope,low,train,
kak lowongan kerja ada ga please,out_of_scope,high,train,
permisi kak orderan saya yang 1 kok belum dateng,order_status,low,train,
Cek resi 1,order_status,clean,train,
Barang salah kkirimm,out_of_scope,medium,train,
hai pesanan 1 udah sampai mana sih,order_status,high,train,
Jaket puffer pria omniheat solid bertudung-biru-kuning-m brp duit,product_price,low,train,
Bang oniheat men's solid hooded puffer jacke-blue-green-m restock kapan ya kak,product_stock,medium,train,
mba drosphip bisa ga dong,out_of_scope,medium,train,
supprt gopay,payment_info,high,train,
sis kelebihan omniheat men's solid hooded puffer jacket-blue-yellow-l,product_description,medium,train,
halo min mau nanya aksesori masih ready stock tidak ya,product_stock,low,train,
hai udah berapa hari kok belum nyampe deh,order_status,low,train,
diskon jaket puffer pria omniheat solid bertudung-biru-kuning-m berapa persen,product_price,clean,train,
accessories per unit berapa,product_price,medium,train,
Cek resi ord001,order_status,low,train,
Cara bayar gimana,payment_info,clean,train,
Harga jacket-blue-green-l yang ini berapa,product_price,clean,train,
winter berapa harganya ya,product_price,low,train,
size l jaket puffer pria omniheat solid bertudung-biru-kuning-m ready,product_stock,clean,train,
mba permisi apakah stok OmniHeat Men's Solid Hooded Puffer Jacket-Blue-Yellow-M masih tersedia makasih,product_stock,high,train,
Gan men's waet ga please,product_description,medium,train,
Bahan penuh apa,product_description,clean,train,
ini Arctic Cozy Knit Unisex Beanie harganya berapa,product_price,low,train,
harga jual bertudung-biru-kuning-l,product_price,low,train,
Arctiic cozy knit unisex baenie brp duit,product_price,low,train,
tarif hooded,product_price,low,train,
cozy mahal ga,product_price,medium,train,
bs loh tf ga,payment_info,medium,train,
permisi kak orderan saya yang ORD-001 kok belum dateng,order_status,clean,train,
Halo min mau nanya omniheat men's solid hooded puffer jacket-blue-green-l masih ready stock tidak ya,product_stock,high,train,
tolong bantu cek order saya nomor ORD123 ya,order_status,clean,train,
misi kisaran harga jaket puffer pria omniheat solid bertudung-biru-kuning-m pls,product_price,high,train,
btw pembayaran apa saja yang tersedia pls,payment_info,low,train,
Edit p5nan,out_of_scope,medium,train,
harga jual accessories,product_price,clean,train,
tammbah item ke pesanan,out_of_scope,low,train,
Bisa dana ga kak,payment_info,low,train,
Opsi pembayaran,payment_info,clean,train,
Pake cimb bs?,payment_info,high,train,
order gue pesanan 111 mana,order_status,low,train,
Berapaan sarung tangan musim dingin arctic llayar sentuh,product_price,medium,train,
Bos tolong jelasin tentang omniheat men's solid hooded puffer jacket-blue-green-l dong tolong,product_description,low,train,
bs ambil langsung ga,out_of_scope,medium,train,
Misi hrg arctic cozy knit unisex beanie brp ?,product_price,low,train,
Wholesale price,out_of_scope,medium,train,
biaya penuh,product_price,low,train,
mba mau tau lebih detail tentang Cozy Arctic Knit Unisex Beanie tolong,product_description,high,train,
sisa stok Jaket Puffer Pria OmniHeat Solid Bertudung-Biru-Hijau-M,product_stock,clean,train,
Kak mau beli kaus masih ada stok ga,product_stock,clean,train,
Metode byr apa,payment_info,low,train,
admin bisa cek pesanan 123 ga,order_status,low,train,
Bos omniheat men's solid hooded puffer jacket ukurannya apa aja min,product_description,medium,train,
Tangan murah ga,product_price,medium,train,
dtl Arctic Warmth Wool Blend Socks,product_description,low,train,
gan mau bayar pake bayar di tempat ?,payment_info,low,train,
harga accessories yang berapa ini,product_price,high,train,
min cara pakai blend nih,product_description,clean,train,
mas pesanannya masih diproses ya min,order_status,medium,train,
permisi admin bs cek pesanannya ord123 ga nih,order_status,high,train,
cek stok penuh,product_stock,clean,train,
metode paymennt,payment_info,high,train,
bos kak bia bayar transfer bank ga thanks,payment_info,medium,train,
Barag rsuak,out_of_scope,medium,train,
jacket-blue-yellow-l msh sih ready,product_stock,medium,train,
gan ad prromo bertudung-birru-kuning-l ga ya,product_price,high,train,
Detail layar,product_description,medium,train,
misi alyar bgmn makasih,product_description,medium,train,
Sis ubah alamat pengiriman please,out_of_scope,medium,train,
hrg sentuh brp,product_price,clean,train,
min alamat toko dimana nih,out_of_scope,clean,train,
gan bisa pake va ga tolong,payment_info,low,train,
pesanan saya sudah diproses belum,order_status,low,train,
Halo min mau nanya stylish masih ready stock tidak ya,product_stock,clean,train,
btw Jaket Puffer Pria emm OmniHeat Solid Bertudung-Biru-Hijau-M bisa dicuci mesin sih,product_description,medium,train,
halo produk tiak kan sesuai ??,out_of_scope,high,train,
size l dingin ready,product_stock,clean,train,
range harga rajut,product_price,low,train,
hi stk jacket-bluee-yellow-l tolong,product_stock,high,train,
boleh tau harga omniheat men's solid hooded puffer jacket-blue-rgeen-m tidak,product_price,medium,train,
kelebihan omniheat men's solid hooded puffer jacket,product_description,clean,train,
kak bisa bayar dana ga,payment_info,medium,train,
misi warmth per unit berapa thanks,product_price,high,train,
btw permisi mau nanya harga untuk Jaket Puffer Pria OmniHeat Bertudung-Biru-Hijau-M Solid berapa ya tolong,product_price,medium,train,
Ada omniheat men's solid hooded puffer jacket-blue-yellow-l ga,product_stock,medium,train,
Brg #555 dmn,order_status,clean,train,
mssih available,product_stock,low,train,True
alamat toko dmana,out_of_scope,low,train,
Hai pembayaran tersedia apa nih aja makasih,payment_info,medium,train,
karakteristik omniheat men's solid hooded puffer jacket-blue-yellow-m,product_description,low,train,
info warmth,product_description,low,train,
hai harganya jacket-blue-yellow-l brp ya kak,product_price,high,train,
Eh paket mahal ga tolong,product_price,high,train,
byr pke apa makasih,payment_info,high,train,
berapa harga jacket-blue-yellow-l,product_price,medium,train,
omniheat men's solid hooded puffer bisa jacket-blue-greeen-l dibeli ga,product_stock,medium,train,
hooded kyk gmn,product_description,low,train,
Admin omniheat ready ga,product_stock,clean,train,
hai,out_of_scope,medium,train,
epnjelasan cozy,product_description,medium,train,
warmth seperti apa,product_description,low,train,
bisa ovo ga kak,payment_info,clean,train,
Barang rusak,out_of_scope,low,train,
gan selamat siang admin saya mau cek status pesanan nomor order-123 min,order_status,high,train,
Min stok jacket-blue-yellow-l masih ada,product_stock,low,train,
Campuran murah g,product_price,medium,train,
kapan tangan ready lagi please,product_stock,high,train,
syal import atau lokal,product_description,clean,train,
udah berapa hari kok belum nyampe,order_status,clean,train,
lokasi warehouse,out_of_scope,low,train,
bang min tolong lacak order 333 dong ?,order_status,low,train,
bertudung berapa duit,product_price,low,train,
hi mau refund thanks,out_of_scope,medium,train,
ada cicilan ga pls,payment_info,low,train,
cara perawatan jacket-blue-yellow-l,product_description,low,train,
mas admin jacket-blue-green-m dijual sih berapah please,product_price,medium,train,
bertudung-biru-kuning-l rdy g,product_stock,clean,train,
kecewa sm4 pelayanan,out_of_scope,low,train,
Avail4lbe payment,payment_info,low,train,True
min harga omniheat men's solid hooded puffer jacket-blue-green-m berapa,product_price,clean,train,
Jadi reseller gimana,out_of_scope,medium,train,
scarf in stock,product_stock,medium,train,
Harga tangan berapa,product_price,low,train,
Gan ad campuran g please,product_stock,medium,train,
btw cek dong pesanan id 7788 udah diproses belum makasih,order_status,low,train,
halo berapa hrg ya cozy thx,product_price,high,train,
status paket #12345,order_status,clean,train,
Permisi mau nanya harga untuk jacket berapa ya,product_price,medium,train,
cara perawatan omniheat men's solid hooded puffer jacket-blue-yellow-l,product_description,clean,train,
Blend seperti apa,product_description,low,train,
available payment,payment_info,clean,train,True
range harga syal,product_price,clean,train,
Brg 1 dmn,order_status,medium,train,
Min pake virtaul account bs?,payment_info,high,train,
Mau beli jacket-blue-green-m berapa harganya,product_price,low,train,
Admin paket aksesori musim dingin arctic frost tersedia ga sih,product_stock,medium,train,
kelebihan kaus,product_description,high,train,
kak kak mau beli kupluk masih ada stok ga min,product_stock,low,train,
Halo min mau tanya dong pesanan saya nomor 1 itu udah sampai mana ya,order_status,low,train,
biaya OmniHeat Men's Solid Hooded Puffer Jacket-Blue-Green-L,product_price,clean,train,
gan dimensi syal nih,product_description,medium,train,
Orderan hmm saya statusnya apa,order_status,medium,train,
Mas uang saya kapan dikembalikan sih,out_of_scope,medium,train,
Paket Aksesori Musim Dingin Arctic Frost habis blom,product_stock,medium,train,
Brp omniheat men's solid hooded puffer jacket-blue-green-m,product_price,clean,train,
kak barang tidak sesuai mau tukar ya kak,out_of_scope,low,train,
status order 1,order_status,clean,train,
udah dikirim blm ord-999,order_status,clean,train,
Mau refund,out_of_scope,low,train,
Pesanan saya sudah diproses belum,order_status,low,train,
berat kaus kaki campuran wol arctic warmth,product_description,clean,train,
Hai cod available ga please,payment_info,low,train,
Min harga bundle berapa,product_price,clean,train,
hai ada jaket puffer pria omniheat solid bertudung-biru-kuning-l ga thx,product_stock,medium,train,
mba min info lengkap Kaus Kak! Campuran Wol Arctic Warmmth dong sih,product_description,high,train,
Stock available arctic frost winter accessories bundle,product_stock,low,train,
mau kerja disini,out_of_scope,medium,train,
cost sentuh,product_price,medium,train,
min bisa return barang ga ??,out_of_scope,clean,train,
Pembayaran tersedia apa aja,payment_info,low,train,
misi deskripsi cozy ya kak,product_description,low,train,
berapa ya harga bundle,product_price,clean,train,
Stock puffer berapa,product_stock,medium,train,
bayar pake apa,payment_info,clean,train,
mau tanya apakah men's masih tersedia stoknya,product_stock,low,train,
ready bayar,payment_info,clean,train,True
produk tidak sesuai,out_of_scope,clean,train,
Mau tau orderan 12345 udah sampe mana,order_status,clean,train,
Brg gw ord-999 dmn,order_status,clean,train,
Price syal,product_price,low,train,
bsa kredit ga,payment_info,low,train,
orderanan saya statusnya apa,order_status,high,train,
penjelasan bundle,product_description,clean,train,
OmniHeat Men's Solid Hooded Puffer Jacket masih ada,product_stock,clean,train,
order gue mana #12345,order_status,medium,train,
min min info lengkap warmmth dong ya kak,product_description,medium,train,
Ada kan cicilan ga,payment_info,medium,train,
ketersediaan bliss,product_stock,low,train,
halo bisa pake bni ga ya kak,payment_info,medium,train,
Sis batalkan order deh,out_of_scope,low,train,
Permisi warna kupluk ada apa aja ya kak,product_description,high,train,
Aksesori msh ad?,product_stock,low,train,
Proses refund brp lama,out_of_scope,medium,train,
Btw kamu bot ya thanks,out_of_scope,high,train,
bang harga kupluk rajut unisex arctic cozy berapa ?,product_price,medium,train,
accessories import atau lokal,product_description,clean,train,
cek status 333,order_status,high,train,
mau tanya untuk pembayarannya bsa pakai metod3 apa ya aja,payment_info,high,train,
stock available wool,product_stock,clean,train,
Bahan stylish apa,product_description,clean,train,
brg gw #777 dmn,order_status,clean,train,
btw jacket-blue-green-l harga rpomo berapa min,product_price,medium,train,
Permisi status pengiriman #777 sih,order_status,medium,train,
permisi mau tanya bisa bayar pakai transfer bank tidak ya nih,payment_info,medium,train,
gan paket saya sudah ssampai mnaa tolong,order_status,low,train,
arctic cozy knit unisex beanie bisa dibeli ga,product_stock,clean,train,
mau nanyaa fitur accessories apa aja,product_description,high,train,
min admin bisa cek pesanan 67890 ga pls,order_status,low,train,
Hai permisi kak orderan ya saya yang #555 kok belum dateng thx,order_status,medium,train,
Price omniheat men's solid hooded puffer jacket-blue-green-l,product_price,low,train,
kak stylish terbuat drai bahan apa ya,product_description,low,train,
Apa kabar,out_of_scope,low,train,
tenatng wool,product_description,low,train,
bang dropship b1sa ya ga nih,out_of_scope,medium,train,
info produk aksesori,product_description,low,train,
bos pesanan ord123 deh udah sampai mana ?,order_status,low,train,
mba mau tanya bisa bayar pakai gopay tidak ya ??,payment_info,medium,train,
stylish sold out?,product_stock,low,train,
ubah alamat pengiriman,out_of_scope,clean,train,
info produk kaus,product_description,low,train,
moniheat men's solid hoded puffer jacket anti air,product_description,high,train,
Bos pesanan saya sudah diproses belum ??,order_status,low,train,
Eh min info lengkap paket aksesori musim dingin arctic frost dong sih,product_description,clean,train,
Bos order gue pesanannya 111 mana thx,order_status,medium,train,
order saya kok lama,order_status,low,train,
OmniHeat Men's Solid Hooded Puffer Jacket-Blue-Yellow-M ukurannya apa aja,product_description,clean,train,
admin tangan ready ga,product_stock,clean,train,
bahan bertudung-biru-kuning-l apa,product_description,clean,train,
garansi campuran,product_description,clean,train,
bos kak mau tanya pesanan saya dengan nomor #99 sudah diproses belum ya ya kak,order_status,medium,train,
Tambah item ke pesanannya,out_of_scope,low,train,
cara pembayaran gmn,payment_info,high,train,
mba barang cacat dong,out_of_scope,medium,train,
hai campuran per unit berapa dong,product_price,clean,train,
Layar restock kapan,product_stock,medium,train,
Rajut anti air please,product_description,low,train,
support virtual account,payment_info,clean,train,
gan material omniheat men's solid hooded puffer jacket-blue-yellow-m min,product_description,high,train,
dtl omniheat,product_description,low,train,
hai stok kaus kaki campuran wol arctic warmth ada pls,product_stock,clean,train,
cek gitu harga accessories,product_price,high,train,
metode byr apa,payment_info,clean,train,
mau tau ordran ORD-555 udah sampe mana,order_status,low,train,
stok omniheat mmen's solid hooded puffer jacket-blue-green-l size s,product_stock,high,train,
bisa kredit ga thanks,payment_info,low,train,
Permisi apakah stok puffer masih tersedia,product_stock,low,train,
Sis admin pembayaran apa aja yang diterima ?,payment_info,high,train,
arctic cozy knit unisex beanie in stock,product_stock,low,train,
hooded bisa dicuci mesin,product_description,low,train,
cek stok cozy,product_stock,medium,train,
harganya Arctic Frost Winter Accessories Bundle brp,product_price,clean,train,
Cara bayar gimanna,payment_info,medium,train,
Permisi kak orderan saya yang id 7788 kok belum dateng,order_status,low,train,
pesanan belum sampai juga,order_status,clean,train,
kok lama bgt order pesanan 111,order_status,clean,train,
bertudung-biru-kuning-l bagus ga,product_description,high,train,
kak mau beli warmth masih ada stok ga,product_stock,low,train,
order gue #555 mana,order_status,medium,train,
gan bisa pake ovo ga tolong,payment_info,low,train,
detail Jaket Puffer Pria OmniHeat Solid Bertudung-Biru-Kuning-M,product_description,clean,train,
kak scarf terbuat dari bahan apa ya,product_description,clean,train,
kiriman ord001 dimana,order_status,low,train,
Hai mana nih orderan gw min,order_status,high,train,
bos kira kira omniheat men's solid hooded puffer jacket-blue-green-m itu hargnaya brpaa ya kak tolong,product_price,medium,train,
Cara perawatan paket,product_description,clean,train,
Pelayanan buruk,out_of_scope,low,train,
brg cacat,out_of_scope,medium,train,
Informasi lengkap omniheat men's solid hooded puffer jacket,product_description,medium,train,
Mau tau orderan nomor 888 udah sampe mana,order_status,low,train,
kupluk terbuat dari apa,product_description,low,train,
Pembayaran saja apa loh yang tersedia,payment_info,high,train,
jaket kyk gmn,product_description,medium,train,
jacket-blue-green-m berapa harganya ya,product_price,clean,train,
Halo kiar kira accessories itu hagranya berapa ya kak thanks,product_price,medium,train,
hooded mahal ga,product_price,medium,train,
sis kelebihan rajut tolong,product_description,medium,train,
terima bri gak,payment_info,high,train,
eh stok syal ada ya kak,product_stock,medium,train,
sis Jaket Puffer Pria OmniHeat Solid Bertudung-Biru-Kuning-M berapa duit ya kak,product_price,medium,train,
alamat kantor,out_of_scope,low,train,
btw proses refund berapa lama please,out_of_scope,high,train,
mas order pesanan 111 udah diproses belum nih,order_status,medium,train,
omniheat men's solid hooded puffer jacket-blue-yellow-l restock kapan,product_stock,clean,train,
Cek resi onmor 888,order_status,medium,train,
eh kak boleh tau spesifikasi bliss tidak nih,product_description,low,train,
cancel pesanan,out_of_scope,medium,train,
Detail winter,product_description,low,train,
kak kak sarung tangan musim dingin arctic layar sentuh maih ada ga stoknya min,product_stock,low,train,
available bertudung-biru-hijau-l,product_stock,high,train,
bang jaket puffer pria omniheat hmm solid bertudung-biru-kuning-m restock kapan,product_stock,medium,train,
udah dikirim blm ORD-001,order_status,medium,train,
mau cek status pesanan,order_status,low,train,
cara perawatan jacket-blue-green-l,product_description,low,train,
Ganti ukruan,out_of_scope,medium,train,
Suppoort ew4llet ga,payment_info,low,train,
available transfer bank ga,payment_info,low,train,
permisi admin stylish ready ga dong,product_stock,clean,train,
OmniHeat Men's Solid Hooded Puffer Jacket-Blue-Yellow-L mahal ga,product_price,medium,train,
hai admin bertudung-biru-hijau-l dijual berapa nih,product_price,high,train,
btw orderan #12345 ud nyampe blm dong,order_status,low,train,
bundle msh ad?,product_stock,medium,train,
Sis min stok jaket masih ada ya,product_stock,medium,train,
dropship bisa ga,out_of_scope,low,train,
Ready arctic frost winter accessories bundle,product_stock,low,train,
mau refund,out_of_scope,low,train,
Halo stylish mahal ga ??,product_price,high,train,
status pengiriman emm ORRD123,order_status,medium,train,
berapa harga kaus,product_price,clean,train,
detail wool,product_description,low,train,
Hi berat men's ya kak,product_description,high,train,
eh berat omniheat pls,product_description,high,train,
Orderan saya statusnya apa,order_status,low,train,
mana nih orderan gw,order_status,low,train,
tangan anti air,product_description,clean,train,
Stock available kupluk,product_stock,clean,train,
estimasi pengiriman order ORD-001,order_status,clean,train,
keleibhan Kupluk Rajut Unisex Arctic Cozy,product_description,high,train,
ad blend g,product_stock,clean,train,
Bisa transfer bank ga kak,payment_info,clean,train,
Min harga jaket puffer pria omniheat solid bertudung-biru-kuning-m berapa,product_price,medium,train,
hai jacket-blue-yellow-l orgiinal ga,product_description,medium,train,
Harga jual omniheat men's solid hooded puffer jacket,product_price,high,train,
spec layar,product_description,low,train,
Uang saya kapan dikemblikan,out_of_scope,medium,train,
bang berapaan jaket puffer pria omniheat solid bertudung-biru-hijau-m thanks,product_price,low,train,
dingin kyk gmn,product_description,clean,train,
lacak pesanan nomor 888,order_status,low,train,
Ad eh kupluk rajut unisex arctic cozy g,product_stock,low,train,
eh kak bertudung terbuat dari bahan apa ya min,product_description,clean,train,
terima bayar di tempat tidak,payment_info,medium,train,
syal seperti apa,product_description,medium,train,
udah dikirim blm nomor 888,order_status,high,train,
stok kupluk size s,product_stock,clean,train,
admin pembayaran apa aja yang diterima,payment_info,low,train,
hai test pls,out_of_scope,high,train,
Olkasi wareehouse,out_of_scope,medium,train,
eh paket aksesori musim dingin arctic frost restock kapan makasih,product_stock,low,train,
Ada promo sarung tangan musim dingin arctic layar sentuh ga,product_price,low,train,
gan arctic cozy knit unisex beanie murah ga ?,product_price,medium,train,
gan dimensi paket aksesori musim dingin arctic frost tolong,product_description,medium,train,
permisi toolng jelsain tentang pria dong dong,product_description,medium,train,
permisi apakah stok layar masih tersedia,product_stock,high,train,
cek harga sentuh,product_price,medium,train,
Berapa ya harga puffer,product_price,clean,train,
brg ORD123 dmn,order_status,low,train,
Cozy msh ready,product_stock,clean,train,
Halo min tolong lacak order 1 dong makasih,order_status,clean,train,
campran kosong ga,product_stock,medium,train,
mba cek pesanan #99 ya kak,order_status,high,train,
mau tau orderan #777 udah sampe mana,order_status,clean,train,
info produk jacket-blue-green-l,product_description,clean,train,
Kak jaket puffer pria omniheat solid bertudung-biru-kuning-m harganya berapa ya,product_price,low,train,
kak jacket-blue-green-l terbuat dari bahan apa ya,product_description,low,train,
Sis ada cicilan ga min,payment_info,low,train,
Penjelasan bliss,product_description,low,train,
harga jual arctic cozy knit unisex beanie,product_price,low,train,
tangan msh ready,product_stock,low,train,
permisi maaf ganggu mau cek status orderan #555 dong min,order_status,high,train,
Sarung tangan musim dingin arctic layar sentuh kan brpan,product_price,medium,train,
tersedia winter ga,product_stock,clean,train,
wholesale price,out_of_scope,clean,train,
tracking nih pesanan #777,order_status,low,train,
range harra omniheat men's solid hooded puffer jacket-blue-green-m,product_price,medium,train,
mba pesanan saya sudah diproses belum makasih,order_status,high,train,
Cek status ord123,order_status,low,train,
cek status 1,order_status,clean,train,
min pe$nan gw ord-555 kmana min,order_status,high,train,
hrg Arctic Cozy Knit Unisex Beanie,product_price,low,train,
berapaan tangan,product_price,low,train,
harga satuan penuh,product_price,clean,train,
mas estimasi pengiriman order #555 sih,order_status,high,train,
kiriman 111 dimana,order_status,clean,train,
kellebihan ukpluk,product_description,high,train,
Available jacket,product_stock,high,train,
ada cicilan ga,payment_info,medium,train,
tukar barang,out_of_scope,clean,train,
Accept cicilan gak,payment_info,medium,train,
harganya paket aksesori musim dingni arctic frost brp,product_price,medium,train,
Arctic cozy knit unisex beanie in stock,product_stock,clean,train,
Ketersediaan sarung tangan musim dingin arctic layar sentuh,product_stock,clean,train,
Halo orderan id 7788 ud nyampe hmm blm deh,order_status,high,train,
bisa linkaja ga kak,payment_info,low,train,
Pesanan gw nomor 888 kemana,order_status,clean,train,
Lagi sale layar ga,product_price,clean,train,
Kapan ya kira-kira sampai,order_status,clean,train,
kapan pesanan ord-001 sampai,order_status,low,train,
kapan OmniHeat Solid Men'ss Hooded Puffer Jacket-Blue-Yellow-L ready lagi,product_stock,high,train,
Stok accessories ada,product_stock,low,train,
review Arctic Cozy Knit Unisex Beanie,product_description,clean,train,
eh bertudung-biru-kuning-l brp hrgnyyanya ya min,product_price,high,train,
pesanan 99 udah sampai mana,order_status,clean,train,
admin ad winter g deh,product_stock,high,train,
Btw mau cek tsatus pesanan thx,order_status,high,train,
Mas mau kembalikan barang pls,out_of_scope,high,train,
Permisi campuran brp duit ??,product_price,clean,train,
Alamat toko dimana,out_of_scope,low,train,
halo min mau tanya dong pesanan saya nomor 123 itu udah sampai mana ya,order_status,clean,train,
Bisa ambil langsung ga,out_of_scope,low,train,
omniheat men's kan solid hooded puffer jacket-blue-yellow-l ada sertifikat ga,product_description,high,train,
Harga accessories sekarang,product_price,medium,train,
Omniheat bisa dibeli ga,product_stock,low,train,
support ewallet ga,payment_info,clean,train,
misi jam buka toko ya,out_of_scope,clean,train,
kira emm kira men's itu harganya berapa ya kak,product_price,medium,train,
Blend lagi diskon emm ga,product_price,low,train,
ada cozy ga,product_stock,low,train,
hi barang tidak sesuai mau tukar sih,out_of_scope,medium,train,
stok tangan ada,product_stock,low,train,
kak hai ya kak,out_of_scope,low,train,
bos kupluk dijual berapa deh,product_price,low,train,
cek resi 12345,order_status,clean,train,
jaket puffer pria omniheat solid bertudung-biru-kuning-l anti air,product_description,low,train,
laig sale kaus kaki campuran wol arctic warmth ga,product_price,medium,train,
kelebihan jacket-blue-green-m,product_description,clean,train,
hai layar brpan deh,product_price,high,train,
ada warmth ga,product_stock,clean,train,
pesanan ord001 udah sampai mana,order_status,clean,train,
halo min tolong lacak order #99 dong ??,order_status,medium,train,
kaum bot ya,out_of_scope,low,train,
Sarung tangan musim dingin arctic layar sentuh terbuat dari apa,product_description,clean,train,
admin metode byr apa ?,payment_info,medium,train,
berapa ya,product_price,clean,train,True
hi jacket-blue-green-m rdy g dong,product_stock,medium,train,
kok lama bgt order order-123,order_status,low,train,
kalo mau transfer pake cod bisa ga min,payment_info,medium,train,
permisi kak untuk pembayaran tersedia metode apa saja,payment_info,low,train,
Pria per unit berapa,product_price,low,train,
halo min mau nanya arctic frost winter accessories bundle masih ready stock tidak ya,product_stock,medium,train,
Admin dtl bertudung-biru-hijau-l thanks,product_description,medium,train,
Gan mau tau orderan nomor 888 udah sampe mana ya kak,order_status,high,train,
orderan pesanan 111 posisinya dimana,order_status,low,train,
hai mau tau lebih detail tentang omniheat deh,product_description,high,train,
Bertudung rdy g,product_stock,high,train,
kak jam operasional ya,out_of_scope,low,train,
min mau bayar pake linkaja bisa,payment_info,clean,train,
Permisi ada toko offline dong,out_of_scope,medium,train,
sisa stok bertudung-biru-hijau-l,product_stock,clean,train,
winter bagus ga,product_description,clean,train,
Pembayaran terseida aja apa,payment_info,high,train,
tentang paket,product_description,low,train,
duit bundle,product_price,medium,train,
kualitas blend,product_description,medium,train,
detail produk,product_description,clean,train,True
kak edit pesanan ?,out_of_scope,low,train,
estimasi eh pengiriman order #99,order_status,medium,train,
mba bertudung-biru-hijau-l bags ga pls,product_description,medium,train,
mau cek pesanan ssstatus,order_status,medium,train,
accept ovo gak,payment_info,high,train,
barang beda sama gambar,out_of_scope,low,train,
tarif OmniHeat Men's Solid Hooded Puffer Jacket-Blue-Yellow-M,product_price,high,train,
Dingin original ga,product_description,low,train,
Admin sentuh hrg promo berapa ya,product_price,high,train,
orderan ORD-001 posisinya dimana,order_status,clean,train,
Lowongan kerja ada ga,out_of_scope,high,train,
lokasi warehouse dong,out_of_scope,medium,train,
Permisi hai tolong,out_of_scope,medium,train,
Diskon bundle berapa persen,product_price,clean,train,
produk beda sama gambar,out_of_scope,clean,train,
Ready stock ga,product_stock,clean,train,True
men's per unit berapa,product_price,clean,train,
btw info produk wool,product_description,high,train,
kak mau tanya pesanan saya dengan nomor 333 sudah diproses belum ya,order_status,clean,train,
misi bsia bayar pakai bri ya,payment_info,high,train,
Warna lain layar ada,product_stock,medium,train,
diskon jaket puffer pria omniheat solid bertudung-biru-hijau-m berapa persen,product_price,clean,train,
Kak mau tanya pesanan saya dengan nomor ord-999 sudah diproses belum ya,order_status,clean,train,
mba siapa kamu ya kak,out_of_scope,high,train,
Tracking pesanan pesanan 111,order_status,clean,train,
min spec bertudung ya,product_description,medium,train,
bs tf ga,payment_info,clean,train,
byr pke apa,payment_info,clean,train,
Kupluk Rajut Unisex Arctic Cozy waterproof ga,product_description,clean,train,
Stylish brp duit ya kak,product_price,low,train,
kak mau tanya dong harga stylish yang ada di toko berapa ya pls,product_price,low,train,
Winter seperti apa,product_description,high,train,
Campuran warna hitam ada,product_stock,clean,train,
status ordr ordr-123,order_status,medium,train,
ketersediaan omniheat,product_stock,clean,train,
sis pesanan order-123 udah sampai mana tolong,order_status,low,train,
Produk beda sama gambar,out_of_scope,clean,train,
min harga aksesori berapa,product_price,high,train,
Min hrga accessories berapa,product_price,medium,train,
Sis brg gw loh 12345 dmn,order_status,medium,train,
rajut bisa dicuci mesin,product_description,clean,train,
material accessories,product_description,clean,train,
Btw barang tidak sesuai mau tukar please,out_of_scope,high,train,
warna omniheat men's solid hooded puffer jacket-blue-green-m ada apa aja,product_description,medium,train,
Admin detail produk tolong,product_description,medium,train,True
Tacking ordre ord123,order_status,low,train,
warna omniheat men's solid hoodeed puffer jacket ada apa aja,product_description,low,train,
mba karakterisik jacket thx,product_description,high,train,
orderan nomor 888 posisinya dimana,order_status,clean,train,
Gan ready bayar tolong,payment_info,low,train,True
bertudung-biru-hijau-l berapa duit,product_price,medium,train,
berat jaket puffer pria omniheat solid bertudung-biru-kuning-l,product_description,clean,train,
permisi kak orderan saya yang id 7788 kok belum dateng,order_status,clean,train,
berapaan warmth,product_price,clean,train,
Terima mandiri ga,payment_info,low,train,
halo admin mau nanya pembayaran bisa pakai apa saja ya,payment_info,clean,train,
sis maetrial dingiin pls,product_description,high,train,
Hai,out_of_scope,clean,train,
stok jaket masih banyak ga,product_stock,low,train,
Kak harga wool berapa deh,product_price,low,train,
OmniHeat Men's Solid Hooded Puffer Jacket-Blue-Green-M habis belum,product_stock,medium,train,
ini omniheat harganya berap,product_price,high,train,
cek status nomor 888,order_status,medium,train,
btw kiriman saya mana ya please,order_status,high,train,
Kondisi pengiriman,order_status,clean,train,True
min harga stylish yang ini berapa,product_price,low,train,
Halo ssarung tangan musim dingin arctic layar sentuh nati air ya kak,product_description,high,train,
penjelasan bertudung-biru-hijau-l,product_description,clean,train,
range harga bertudung,product_price,low,train,
tolong jelasin tentang nih bertudung-biru-hijau-l dogn,product_description,high,train,
ad stok syal g,product_stock,low,train,
cara pembayaran gimana,payment_info,medium,train,
Jaket puffer pri4 omniheat solid bertudung-biru-kuning-l seperti apa,product_description,low,train,
Permisi permisi kak untuk pembayaran tersedia metode apa saja ??,payment_info,medium,train,
stylish bagus ga,product_description,clean,train,
Pesanan gw 1 kemana,order_status,low,train,
sis bundle brp sih ya kak,product_price,medium,train,
gan warmth keren g thx,product_description,clean,train,
stok tersedia jacket-blue-green-m,product_stock,clean,train,
Mas hrg arctic frost winter accessories bundle brp,product_price,low,train,
halo bertudung murah ga min,product_price,medium,train,
Dingin harganya berapa,product_price,low,train,
gan boleh tau harga jaket puffer pria omniheat solid bertudung-biru-hijau-m tidak thanks,product_price,low,train,
Men's dijual berapa,product_price,low,train,
kelebihan warmth,product_description,clean,train,
Men's brp duit,product_price,low,train,
detail pesanan,order_status,clean,train,True
Program affili4te,out_of_scope,low,train,
Sis availability jaket puffer pria omniheat solid bertudung-biru-kuning-m tolong,product_stock,medium,train,
Scarf kosong ga,product_stock,clean,train,
tersedia sih layar ga,product_stock,high,train,
Berapaan wool,product_price,medium,train,
Price jacket,product_price,clean,train,
hai halo admin mau nanya pembayaran bisa pakai apa saja ya ?,payment_info,medium,train,
kualitas syal,product_description,clean,train,
omniheat brpan,product_price,clean,train,
diskon kaus berapa persen,product_price,clean,train,
kok lama bgt order ord-999,order_status,clean,train,
dimensi nih Kaus Kaki Campuran Wol Arctic Warmth,product_description,low,train,
mas stock available bertudung-biru-kuning-l ya,product_stock,clean,train,
stok OmniHeat Men's Solid Hooded Puffer Jacket-Blue-Yellow-M abis blm,product_stock,clean,train,
kak mau tanya pesanan saya dengan nomor order-123 sudah diproses belum ya,order_status,clean,train,
Cara pembayaran gimana,payment_info,clean,train,
material omniheat,product_description,clean,train,
maaf ganggu mau cek status order 111 dong,order_status,clean,train,
OmniHeat Men's Solid Hooded Puffer Jacket-Blue-Yellow-M all size ready ga,product_stock,clean,train,
syal ready ga,product_stock,medium,train,
Min mau tau harga omniheat gitu men's solid hooded puffer jacket-blue-green-l min,product_price,high,train,
ready stock ga,product_stock,medium,train,True
Bertudung-biru-kuning-l ad sertifikat ga,product_description,medium,train,
kualitas jacket-blue-green-l,product_description,low,train,
gan mau tau harganya pls,product_price,low,train,True
Spec layar,product_description,clean,train,
gan kok lama bgt order #12345 nih,order_status,low,train,
gan jacket lagi diskoon ga nih,product_price,high,train,
Min ada cicilan ga min,payment_info,low,train,
Min tolong jelasin tentang pket dong,product_description,high,train,
mas karakteristik jacket-blue-green-l please,product_description,medium,train,
uang saya dikembalikan kapan,out_of_scope,medium,train,
Range harga jaket puffer pria omniheat solid bertudung-biru-kuning-l,product_price,medium,train,
blend masih ada,product_stock,clean,train,
harga satuan campuran,product_price,clean,train,
Availability scarf,product_stock,medium,train,
jaket puffer pria omnihat soild bertudung-biru-kuning-l awet ga,product_description,high,train,
ad promo Jaket Puffer Pria OmniHeat Solid Bertudung-Biru-Hijau-M ga,product_price,medium,train,
misi material kaus thanks,product_description,high,train,
Arctic frost winter accessories bundle kosong ga,product_stock,medium,train,
bang kalo mau bayar pake cod bsa ga min ya,payment_info,high,train,
kak bisa bayar transfer bank ga,payment_info,clean,train,
Sentuh bagus ga,product_description,low,train,
kok lama bgt order #99,order_status,low,train,
Omniheat men's solid hooded puffer jacket-blue-yellow-m bgmn,product_description,clean,train,
kerjasama bisnis,out_of_scope,clean,train,
sisa hooded berapa,product_stock,medium,train,
halo barang salah kirim makasih,out_of_scope,low,train,
bliss all size ready ga,product_stock,clean,train,
mau beli accessories berapa harganya,product_price,clean,train,
Min bantuin dong thx,out_of_scope,medium,train,True
Admin pembayaran apa aja yang diterima,payment_info,low,train,
hai available Paket Aksesori Musim Dingin Arctic Frost dong,product_stock,high,train,
kak omniheat men's solid hooded puffer jacket-blue-green-m harganya berapa ya,product_price,low,train,
detail tangan,product_description,clean,train,
hrg jaket brp,product_price,clean,train,
OmniHeat Men's Solid Hooded Puffer Jacket-Blue-Yellow-L import atau lokal,product_description,clean,train,
bisa bayar pakai linkaja,payment_info,clean,train,
bs debit kan g,payment_info,low,train,
Penjelsan bertudung-biru-hijau-l,product_description,low,train,
Pesanan gw #777 kemana,order_status,low,train,
min stok kkupluk abis blm thanks,product_stock,medium,train,
Omniheat men's solid hooded puffer jacket-blue-green-l bisa dicuci mesin,product_description,low,train,
availability bertudung,product_stock,low,train,
order #555 udah diproses belum,order_status,low,train,
stock tangan berapa,product_stock,clean,train,
mau tanya dong hrg jacket-blue-yellow-l yng ad di toko berapa ya,product_price,medium,train,
sis permisi mau nanya harga untuk hooded berapa ya,product_price,low,train,
Produknya bdea sama gambar,out_of_scope,high,train,
mau beli rajut berapa harganya,product_price,clean,train,
ketersediaan Kaus Kaki Campuran Wol Arctic Warmth,product_stock,clean,train,
Informasi lengkap syal,product_description,clean,train,
bisa cicilan ga kak,payment_info,low,train,
ada promo kupluk rajut unisex arctic cozy ga,product_price,clean,train,
bisa bayar pakai dana,payment_info,low,train,
Mau tanya bisa bayar pakai mandiri tidak ya,payment_info,clean,train,
bos kualitas accessories min,product_description,low,train,
bos jacket kosong ga ??,product_stock,medium,train,
Permisi boleh emm tau tarif syal g please,product_price,high,train,
amdin jacket-blue-green-m ready ga,product_stock,low,train,
Min stok bertudung masih ada,product_stock,clean,train,
btw jdi sih reseller gimana deh,out_of_scope,high,train,
admin kaus ready ga,product_stock,clean,train,
Bos barang saya kapan sapi deh,order_status,medium,train,
Cek harga bertudung,product_price,clean,train,
dtl jaket puffer pria omniheat solid bertudung-biru-kuning-l,product_description,clean,train,
Halo min mau tanya dong pesanan saya nomor #555 itu udah sampai mana ya,order_status,medium,train,
cara perawatan OmniHeat Men's Solid Hooded Puffer Jacket-Blue-Yellow-L,product_description,clean,train,
harga normal aksesori berapa,product_price,medium,train,
Jaket puffer pria omniheat solid bertudung-biru-hijau-m ready ga,product_stock,clean,train,
mba ada kupluk ga ya kak,product_stock,low,train,
kak stylish masih ad ya kak,product_stock,low,train,
permisi kak orderan saya yang #555 kok belum dateng,order_status,clean,train,
kak bisa bayar bca ga ya,payment_info,high,train,
Sis kerjasama bisnis ?,out_of_scope,high,train,
rajut import atau lokal,product_description,clean,train,
OmniHeat Men's Solid Hooded Puffer Jacket warna hitam ada,product_stock,medium,train,
Jaket puffer pria omniheat solid bertudung-biru-hijau-m murah ga,product_price,clean,train,
Mau tanya dong harga scarf yang ada di toko berapa ya,product_price,low,train,
bos byr pke apa thx,payment_info,high,train,
Min pesanan saya sudah diproses belum makasih,order_status,medium,train,
bos min info lengkap bertudung-biru-kuning-l dong thanks,product_description,medium,train,
Bisa pake kartu kredit ga,payment_info,clean,train,
material aksesori,product_description,clean,train,
Pesanan pesanan 111 udah sampai mana,order_status,medium,train,
omniheat men's solid hooded puffer jacket-blue-yellow-m hrgnya berapa,product_price,medium,train,
cuaca hari ini gimana,out_of_scope,low,train,
hai produk beda sama gambar deh,out_of_scope,medium,train,
permisi harga satuan accessories tolong,product_price,clean,train,
Eh mau komplain makasih,out_of_scope,clean,train,
Admin alamat kantor ?,out_of_scope,clean,train,
Uag saya kapan dikembalikan,out_of_scope,medium,train,
info omniheat men's solid hooded puffer jacket-blue-yellow-m,product_description,high,train,
Stok tersedia dingin,product_stock,low,train,
halo,out_of_scope,clean,train,
dimensi scarf,product_description,low,train,
btw stok arctic warmth wool blend socks size s thanks,product_stock,clean,train,
tolong jelasin tentang tangan dong,product_description,clean,train,
Kualitas jelek,out_of_scope,medium,train,
harganya kupluk brp,product_price,clean,train,
deskripsi tangan,product_description,low,train,
gan terima va bca ga deh,payment_info,high,train,
tracking orderan ORD-999,order_status,high,train,
hi jam buka kan toko tolong,out_of_scope,medium,train,
barang cacat,out_of_scope,clean,train,
Bos permisi mau nanya harga untuk scarf berapa ya ??,product_price,low,train,
permisi hrg winter min,product_price,medium,train,
sis halo min,out_of_scope,low,train,
Bisa bayar pakai ovo,payment_info,low,train,
nomor telepon toko,out_of_scope,low,train,
accept ovo ga,payment_info,clean,train,
campuran bisa dibei ga,product_stock,high,train,
Min tolong lacak order ord-555 dong,order_status,low,train,
Kupluk Rajut Unisex Arctic Cozy brp duit,product_price,clean,train,
bos kak mau beli kupluk masih ada stok ga nih,product_stock,low,train,
misi cek hrg bertudung-biru-kuning-l min,product_price,high,train,
Tolong bantu cek order saya nomor ord123 ya,order_status,clean,train,
price sentuh,product_price,high,train,
Cek stok wool,product_stock,medium,train,
halo mau tanya untuk pempaymentannya bisa pakai meotde apa aja ya please,payment_info,high,train,
Hai orderan 123 posisinya dimana ya,order_status,low,train,
maaf ganggu cek mau status order ORD-999 dong,order_status,high,train,
mas ada promo Kupluk Rajut Unisex Arctic Cozy ga please,product_price,clean,train,
Omniheat men's solid hooded puffer jacket-blue-yellow-l murah g,product_price,medium,train,
kak boleh tau spesifikasi paket tidak,product_description,clean,train,
Bertudung-biru-hijau-l waterproof ga,product_description,low,train,
mau bayar pake bni,payment_info,clean,train,
Warna lain sarung tangan msuim dingin arctic layar sentuh ada,product_stock,low,train,
Min order saya kok lama deh,order_status,medium,train,
stock available OmniHeat Men's Solid Hooded Puffer Jacket,product_stock,medium,train,
winter ready stock,product_stock,low,train,
Orderan saya kok lama,order_status,medium,train,
hi alamat toko dimana deh,out_of_scope,low,train,
Sis mau bayar pake cimb,payment_info,medium,train,
hi stok Kaus Kaki Campuran Wol Arctic Warmth size S deh,product_stock,high,train,
review kaus,product_description,low,train,
Bos kiriman 123 dimana please,order_status,low,train,
Min info lengkap winter dong,product_description,clean,train,
Rajut restock kapan,product_stock,medium,train,
Alamat kantor,out_of_scope,low,train,
bos spec sentuh thanks,product_description,medium,train,
scarf tersedia ga,product_stock,clean,train,
Permisi sisa syal berapa ??,product_stock,medium,train,
Sis cod available ga ?,payment_info,medium,train,
jadi reseller gimana,out_of_scope,low,train,
Min brg hmm gw 99 dmn ?,order_status,medium,train,
kerjsama bisnis,out_of_scope,high,train,
arctic cozy knit unisex beanie ready stock,product_stock,clean,train,
mba berapa ya makasih,product_price,medium,train,True
barang reay,product_stock,low,train,True
bisa ambil langsung eh ga,out_of_scope,low,train,
hai bayar pake apa dong,payment_info,low,train,
ad paket g,product_stock,medium,train,
mba availability tangan sih,product_stock,high,train,
kapan pesanan 99 sampaai,order_status,medium,train,
Admin bs tf ya ga sih,payment_info,high,train,
rajut brp duit,product_price,low,train,
misi availability paket min,product_stock,high,train,
Gan kiriman ord-555 dimana pls,order_status,low,train,
Hi min mau bayar p4ke gopay bisa thanks,payment_info,medium,train,
Tracking order deh 111,order_status,low,train,
alamat toko dimana,out_of_scope,clean,train,
kak bisa bayar bni ga,payment_info,clean,train,
eh tersedia jacket-blue-yellow-l ga dong,product_stock,low,train,
Eh ssize l tangan re4dy min,product_stock,high,train,
stk layar,product_stock,clean,train,
Ad stok bertudung-biru-hijau-l g,product_stock,medium,train,
Bang paket saya sudah sampai mana,order_status,medium,train,
Brp jaket puffer pria omniheat solid bertudung-biru-kuning-m,product_price,clean,train,
Siapa kamu,out_of_scope,clean,train,
pesanan gw 333 kemana,order_status,clean,train,
bertudung-biru-kuning-l deh lagi diskon ga,product_price,low,train,
mau lapor,out_of_scope,clean,train,
kisaran harga rajut,product_price,low,train,
Bliss berapa duit,product_price,clean,train,
Kalo mau bayar pake bayar di tempat bisa ga min,payment_info,low,train,
Hai diskon bertudung-biru-hijau-l brapa persen makasih,product_price,high,train,
gan pembayaran apa saja yang tersedia ya,payment_info,low,train,
bahan hooded apa,product_description,medium,train,
Hai jadi reseller gimana sih,out_of_scope,clean,train,
mba kira kira scarf itu hrgnya berapah ya kak pls,product_price,low,train,
syal hrgnya berapa,product_price,high,train,
bs shopeepay g,payment_info,low,train,
Bayar pake apa,payment_info,clean,train,
Mas sze l bertudung-biru-hijau-l rady ya kak,product_stock,medium,train,
Kak bisa bayar bayar di tempat ga,payment_info,low,train,
bos siapa kamu nih,out_of_scope,low,train,
lowongan kerja ad ga,out_of_scope,low,train,
Pesanan 67890 udah deh sampai mana,order_status,low,train,
Bos orderan id 7788 uadh diproses belum please,order_status,high,train,
Hai bahan omniheat men's solid hooded puffer jacket-blue-green-m apa ya kak,product_description,medium,train,
mas pembayaran via apa thx,payment_info,high,train,
permisi cek pesanan 99 sih,order_status,high,train,
pesanan gw id 7788 kemana,order_status,low,train,
Bang cek status 111 min,order_status,clean,train,
Hrg bertudung-biru-hijau-l,product_price,low,train,
stok dingin ada,product_stock,clean,train,
admin bertudung-biru-kuning-l keren g pls,product_description,medium,train,
kak detail harga deh,product_price,low,train,True
pembayaran ready,payment_info,low,train,True
price pria,product_price,low,train,
Tersedia arctic cozy knit unisex beanie ga,product_stock,clean,train,
opsi baayar apa,payment_info,medium,train,
Min ini kupluk harganya berapa nih,product_price,clean,train,
Admin mau tanya dong harga bundle yang ada di toko berapa ya nih,product_price,medium,train,
Mas jadi reseller gmana min,out_of_scope,high,train,
aksesori terbuat dari apa,product_description,low,train,
stok sentuh masih banyak ga,product_stock,clean,train,
kak scarf sih ready stock thanks,product_stock,medium,train,
permisi min stok jacket-blue-yellow-l masih ada nih,product_stock,medium,train,
misi cara perawatan penuh ?,product_description,low,train,
Kaus bagus ga,product_description,low,train,
hrg jaket,product_price,medium,train,
mau tau harganya,product_price,clean,train,True
mba metode byr apa ya,payment_info,high,train,
Cek deh status 123,order_status,high,train,
kak boleh tau spesifikasi omniheat tidak,product_description,medium,train,
gan spesifikasi rajut please,product_description,clean,train,
harga tangan yang ini berapa,product_price,clean,train,
brg 1 dmn,order_status,low,train,
sis ada promo pakt ga please,product_price,medium,train,
bertudung-biru-kuning-l berapa duit,product_price,high,train,
Dimana pesanannya aku,order_status,low,train,
Wool awet ga,product_description,low,train,
Pesanannya masih diprosses ya,order_status,medium,train,
Btw brp sarung tangan musim dingin arctic layar sentuh ??,product_price,low,train,
kak orderanan gw kok ga nyampe please,order_status,high,train,
scarf ukuran M ada nih ga,product_stock,low,train,
Mau nanya fitur omniheat men's solid hooded puffer jacket-blue-yellow-l apa aja,product_description,clean,train,
Tracking pesanan 123,order_status,clean,train,
bahan Kaus Kaki Campuran Wol Arctic Warmth apa,product_description,low,train,
bisa bayar pakai bni,payment_info,low,train,
admin penuh original ga sih,product_description,low,train,
ad sentuh g,product_stock,clean,train,
kira kira accessories itu harganya berapa ya kak,product_price,medium,train,
admin campuran anti air makasih,product_description,clean,train,
bs bayar sekarang,payment_info,medium,train,True
bisa bayar pakai jeenius,payment_info,low,train,
eh kak aksseori terbuat dri bahan apa ya makasih,product_description,high,train,
Warna lian bertudung-biru-kuning-l ada,product_stock,high,train,
admin Arctic Frost Winter Accessories Bundle berapa harganya ya min,product_price,low,train,
brapa ya harga OmniHeat Men's Solid Hooded Puffer Jacket-Blue-Green-M,product_price,low,train,
pesanan gw #777 kemana,order_status,clean,train,
Kiriman nomor 888 dimana,order_status,low,train,
Hai berapa harga omniheat men's solid hooded puffer jacket-blue-green-l ya kak,product_price,clean,train,
kak ada promo warmth ga makasih,product_price,medium,train,
Stock available blend,product_stock,low,train,
misi mau tau speknya sih,product_description,medium,train,True
kok lama bgt ordr 99,order_status,medium,train,
layar lagi diskon ga,product_price,low,train,
misi cod available ga min,payment_info,low,train,
Terima qris gak,payment_info,clean,train,
Bos hapus item dari keranjang nih,out_of_scope,medium,train,
mas kaus kaki campuran wol arctic warmth brpan pls,product_price,medium,train,
permisi status pengiriman 111 sih,order_status,high,train,
halo fitur tangan dong,product_description,high,train,
paket order-123 udah jalan belum,order_status,medium,train,
spec arctic czy knit unisex beanie apa,product_description,medium,train,
spesifikasi Arctic Cozy Knit Unisex Beanie,product_description,high,train,
Min info lengkap kaus dong,product_description,medium,train,
Btw kupluk in stock dong,product_stock,medium,train,
admin tangan kyk gmn nih deh,product_description,medium,train,
Status pengiriman 99,order_status,clean,train,
bisa transfer bank,payment_info,clean,train,
kupluk rajut unisex arctic cozy ready stock,product_stock,high,train,
Btw omniheat men's solid hooded puffer jacket-blue-green-m msh ready pls,product_stock,high,train,
harganya bundle brp,product_price,medium,train,
layar bisa dibeli ga,product_stock,low,train,
Omniheat harganya berapa,product_price,low,train,
admin proses refund berapa lama thanks,out_of_scope,high,train,
Puffer emm masih ada,product_stock,high,train,
Acra refuund gimana,out_of_scope,medium,train,
arctic warmth wool blend socks berapa duit,product_price,clean,train,
cost omniheat men's solid hooded puffer jacket-blue-yellow-m,product_price,low,train,
boleh tau harga jaket tidak,product_price,low,train,
pembayaran tersedia apa aja,payment_info,clean,train,
batalkan ordr,out_of_scope,low,train,
tersedia aksesori ga,product_stock,clean,train,
Bantuin dong,out_of_scope,clean,train,True
sis min tolong lacak order #777 dong tolong,order_status,high,train,
nomor etlepon toko,out_of_scope,low,train,
Hai bisa dijelasin tentang produk campuran dong thx,product_description,low,train,
byr dmn,payment_info,high,train,
misi kak syal terbuat dari eh bahan apa ya ya,product_description,high,train,
mau bayar pake debit,payment_info,high,train,
bos cozy ready stock tolong,product_stock,low,train,
cod availablee ga,payment_info,high,train,
garansi bertudung,product_description,low,train,
Jaket puffer pria omniheat solid bertudung-biru-kuning-m seperti apa,product_description,clean,train,
Availability puffer,product_stock,clean,train,
mau tau harga jacket,product_price,low,train,
Permisi warmth ready stoock min,product_stock,high,train,
brg gw nomor 888 dmn,order_status,medium,train,
men's tinggal berapa,product_stock,clean,train,
mas min cost cozy brp nih,product_price,high,train,
btw karakteristik jacket-blue-green-m deh,product_description,medium,train,
hi metode payment nih,payment_info,high,train,
orderan saya statusnya apa,order_status,clean,train,
mba permisi mau nanya harga untuk bliss berapa ya thanks,product_price,medium,train,
metode apa baayar aja,payment_info,medium,train,
bang wholesale price ??,out_of_scope,medium,train,
btw cek dong pesanan 1 udah diproses blom nih,order_status,high,train,
Scarf gmn sih,product_description,low,train,
Mas jacketb-lue-gren-m bisa mesin dicuci ??,product_description,high,train,
jacket murah g,product_price,clean,train,
Udah dikirim blm 111,order_status,low,train,
Eh kak mau beli hooded masih ya ad stk ga min,product_stock,high,train,
Terima transfer bank tidak,payment_info,clean,train,
sis syal ukuran M kan ad ga pls,product_stock,medium,train,
Min paket saya sudah sampai mana ?,order_status,low,train,
Pake bni bs?,payment_info,low,train,
Karakteristik jacket-blue-green-l,product_description,clean,train,
order gue ord-999 mana,order_status,clean,train,
permisi jaket puffer pria omniheat solid bertudung-biru-kuning-m tersedia ga pls,product_stock,high,train,
Kak boleh tau spesifikasi blend tidak,product_description,high,train,
cara perawatan OmniHeat Men's Solid Hooded Puffer Jacket-Blue-Green-M,product_description,clean,train,
halo admin mau nanya pembayaran bsa pakai apa saja ya,payment_info,high,train,
Kak bisa bayar cicilan ga,payment_info,clean,train,
bisa bayar pakai cicilan,payment_info,clean,train,
bertudung-biru-kuning-l waterproof ga,product_description,low,train,
jacket-blue-yellow-l seperti apa,product_description,clean,train,
Kak kaus kaki campuran wol arctic warmth harganya berapa ya,product_price,high,train,
eh tolong jelasin ya tentag blend dong dong,product_description,medium,train,
mau tau lebih detail tentang wool,product_description,medium,train,
order gw kok lama,order_status,high,train,
Jaket ready ga ya kak,product_stock,clean,train,
bayar gmn,payment_info,clean,train,
Kalo mau bayar pake jenius bisa ga min,payment_info,medium,train,
misi admin jaket puffer pria omniheat solid bertudung-biru-hijau-m dijual brapa pls,product_price,medium,train,
Garansi accessories,product_description,low,train,
mba pake gopay bs?,payment_info,clean,train,
Lagi sale arctic warmth wool blend socks ga,product_price,medium,train,
harganya kaus kaki campuran wol arctic warmth brp,product_price,low,train,
Order nomor 888 udah diproses belum,order_status,clean,train,
dimensi arctic frost winter accessories bundle,product_description,clean,train,
mas wholesale price nih,out_of_scope,medium,train,
Paket saya sudah sampai mana,order_status,high,train,
Kira kira arctic cozy knit unisex beanie itu harganya berapa ya kak,product_price,low,train,
mba pakke qris bs?,payment_info,medium,train,
Harga bertudung-biru-hijau-l yang ini berapa,product_price,clean,train,
status order ord-001,order_status,low,train,
Cara pakai arctic warmth wool blend socks,product_description,medium,train,
barang salah kirim,out_of_scope,low,train,
misi warna omniheat men's solid hooded puffer jacket-blue-yellow-l ada apa aja ya kak,product_description,high,train,
Bang kak jaket puffer pria omniheat solid bertudung-biru-kuning-m terbuat dari bahan apa ya thanks,product_description,medium,train,
admin stk OmniHeat Men's Solid Hooded Puffer Jacket-Blue-Yellow-M tolong,product_stock,medium,train,
mas dingin murah ga makasih,product_price,medium,train,
edit pesanan,out_of_scope,clean,train,
admin program affiliate min,out_of_scope,clean,train,
mba ketersediaan warmth ya,product_stock,low,train,
admin harga Jaket Puffer Pria OmniHeat Solid Bertudung-Biru-Hijau-M sekarang,product_price,low,train,
brp jaket puffer pria omniheat solid bertudung-biru-kuning-l,product_price,medium,train,
layar in stock,product_stock,clean,train,
spec dingin apa,product_description,medium,train,
kak bisa bayar linkaja ga,payment_info,clean,train,
ga ngerti,out_of_scope,clean,train,True
ketersediaan wool,product_stock,low,train,
bliss berapa duit,product_price,low,train,
lkasi warehoues,out_of_scope,medium,train,
hai pesanan belum sampe juga please,order_status,low,train,
pesanan id 7788 udah sampai mana,order_status,medium,train,
sis produuk beda samaa gambar sih,out_of_scope,medium,train,
Material dingin,product_description,clean,train,
Kecewa smaa pelayanan,out_of_scope,high,train,
bayar lewat mana,payment_info,low,train,
Eh hai dong,out_of_scope,low,train,
mas bisa bayar pakai mandiri sih,payment_info,medium,train,
halo admin mau nanya pemayaran bisa paaki apa saja ya,payment_info,high,train,
mas spesifikasi bliss makasih,product_description,clean,train,
harga OmniHeat Men's Solid Hooded Puffer Jacket-Blue-Green-M ini yang berapa,product_price,high,train,
bos spec men's deh,product_description,low,train,
paket 123 udah jalan belum,order_status,clean,train,
misi ready penuh thx,product_stock,low,train,
bundle ada sertifikat ga,product_description,clean,train,
halo aksesori ready stock thanks,product_stock,medium,train,
Opsi pembayaran thx,payment_info,low,train,
kak Kupluk Rajut Unisex Cozy Arctic aweet ga tolong,product_description,high,train,
review Arctic Frost Winter Accessories Bundle,product_description,low,train,
pake cimb bs?,payment_info,low,train,
kak bisa bayar qris ga,payment_info,clean,train,
Stok omniheat size s,product_stock,medium,train,
btw mau beli jacketblue-green-m harganya berapa,product_price,high,train,
omniheat men's solid hooded puffer jacket brpan,product_price,clean,train,
alamat toko dmn,out_of_scope,low,train,
Admin brg ord123 dmn min,order_status,medium,train,
Sis review jaket puffer pria omniheat solid bertudung-biru-kuning-m thx,product_description,medium,train,
whloesale price,out_of_scope,medium,train,
min mau bayar pake cod bisa,payment_info,clean,train,
berapa harga bliss,product_price,clean,train,
Eh cancel pesanan thx,out_of_scope,medium,train,
Btw status pengiriman ord-555 thx,order_status,clean,train,
Spec bundle,product_description,low,train,
mau tanya apakah puffer masih tersedia stoknya,product_stock,low,train,
maaf ganggu mau cek status order #12345 dong,order_status,medium,train,
permisi terima va ga bca ya kak,payment_info,medium,train,
acceptt credit card gak,payment_info,low,train,
Sis pelayanan buruk tolong,out_of_scope,medium,train,
mau bayar pake virtual account,payment_info,low,train,
mas omniheat men's solid hooded puffer jacket-blue-green-m in stock ?,product_stock,medium,train,
jam bbuka tokko,out_of_scope,low,train,
Pesanan #99 udah sampai mana,order_status,low,train,
Warna lain bundle ada,product_stock,low,train,
Admin bisa cek pesanan 12345 ga,order_status,low,train,
Bang kaus kaki campuran wol arctic warmth masih ada please,product_stock,clean,train,
bang berat layar ya,product_description,medium,train,
mas bisa transfer bank dong,payment_info,low,train,
mau beli jaket berapa harganya,product_price,low,train,
omniheat kyk gmn,product_description,clean,train,
permisi bayar lewat mana deh,payment_info,low,train,
Pesanannya belum nyampe juga,order_status,low,train,
Mas mau kerja disini thx,out_of_scope,medium,train,
kak sarung tangan musim dingin arctic layar loh sentuh masih ada ga stoknya,product_stock,medium,train,
dimensi jaket puffer pria omniheat solid bertudung-biru-kuning-l,product_description,low,train,
Hi pesanan belum sampai juga ?,order_status,high,train,
Mau tanya untuk pembayarannya bs eh pkaai metode apa aja ya,payment_info,medium,train,
Mau tanya bisa bayar pakai gopay tidak ya,payment_info,clean,train,
kak mau tanya pesanan saya dengan nomor nomor 888 sudah diproses belum ya,order_status,medium,train,
gan halo min mau nanya jaket masih ya rready stock tidak ya makasih,product_stock,medium,train,
Omniheat mahal ga,product_price,medium,train,
sis produk bea sama gamb4r makasih,out_of_scope,high,train,
mau tanya apakah Paket Aksesori Musim Dingin Arctic Frost masih tersedia stoknya,product_stock,low,train,
ada stoknya,product_stock,clean,train,True
mas info produk omniheat men's solid hooded puffer jacket-blue-yellow-m ya,product_description,low,train,
Halo hrgnyanya bertudung-biru-hijau-l brp,product_price,high,train,
Min hrg sih omniheat normal men's solid hooded puffer jacket-blue-green-m berapah deh,product_price,high,train,
admin omniheat men's solid hooded puffer jacket-blue-yellow-l dijual berapa,product_price,clean,train,
mba hai please,out_of_scope,medium,train,
Min halo nih,out_of_scope,medium,train,
btw hooded import atau lokal ??,product_description,low,train,
mba dropship bs ga pls,out_of_scope,high,train,
Sis jadi reseller gimana ya,out_of_scope,clean,train,
Availability hooded,product_stock,clean,train,
permisi mau nanya harga untuk omniheat men's solid hooded puffer jacket-blue-green-l berapa ya,product_price,medium,train,
paket mahal loh ga,product_price,medium,train,
lagi sale omniheat ga,product_price,low,train,
Cek dong pesanan ord001 udah diproses belum,order_status,clean,train,
mba kok lama bgt order id 7788 thx,order_status,medium,train,
btw spec stylish ??,product_description,low,train,
Gan proses refund berapa lama ??,out_of_scope,medium,train,
paket pesanan 111 udah jalan belum please,order_status,medium,train,
Info warmth,product_description,clean,train,
availability jacket-blue-green-l,product_stock,clean,train,
Accept bayar di tempat gak,payment_info,low,train,
paket dijual berapa,product_price,low,train,
Tersedia bertudung-biru-hijau-l ga,product_stock,clean,train,
status pengiriman 12345,order_status,low,train,
bertudung sertifikat ada ga,product_description,medium,train,
diana pesanan saya,order_status,low,train,
min mau bayar pake cash bisa,payment_info,clean,train,
sis cara pakai emm jacket-blue-green-l ??,product_description,medium,train,
kak bisa bayar bca ga,payment_info,medium,train,
bos mana nih orderan gw dong,order_status,high,train,
Wool terbuat dari apa,product_description,clean,train,
Bayar di tempat bisa,payment_info,clean,train,
dimana pesanan saya,order_status,low,train,
cek resi nomor 888,order_status,clean,train,
spec arctic warmth wool blend socks apa,product_description,clean,train,
harga kupluk berapa,product_price,clean,train,
stock pria berapa nih,product_stock,medium,train,
material Arctic Warmth gitu Wool Blend Socks,product_description,low,train,
omniheat men's solid hooded puffer jacket-blue-yellow-l seperti apa,product_description,low,train,
opsi bayar apa,payment_info,low,train,
cara bayar gimana,payment_info,low,train,
Detail harga,product_price,clean,train,True
Harga arctic warmth wool blend socks sekarang,product_price,clean,train,
Omniheat men's solid hooded puffer jacket-blue-yellow-l berapa hrgnya ya,product_price,low,train,
bagaimana ya,product_description,clean,train,True
bisa kredit ga,payment_info,medium,train,
min info lengkap omniheat men's solid hooded puffer jacket-blue-green-m dong,product_description,clean,train,
terima credit card tidak,payment_info,clean,train,
btw prai msh ready,product_stock,high,train,
rajut waterproof ga,product_description,low,train,
admin bisa nih pake bca ga please,payment_info,high,train,
kak bisa pake qrris ?,payment_info,low,train,
gan jadi reseller gimana,out_of_scope,medium,train,
cek dong pesanannya ORD-001 udah diproses belom,order_status,medium,train,
ada promo cicilan ga,payment_info,low,train,
Paket murah ga,product_price,clean,train,
halo min mau nanya rajut masih ready stock tidak ya,product_stock,low,train,
cek dong pesanan 123 udah diproses belum,order_status,clean,train,
harga blend sekarang,product_price,medium,train,
jacket-blue-green-m ukurannya apa aja,product_description,medium,train,
bisa bayar di tempat ga kak,payment_info,low,train,
misi cara perawatan paket sih,product_description,medium,train,
Info harganya,product_price,clean,train,True
hai terima qris tidak ?,payment_info,medium,train,
Bertudung-biru-kuning-l ready stock,product_stock,clean,train,
Mba dtl penuh nih,product_description,low,train,
stok pria abis blm,product_stock,low,train,
Kak hrg rajut brp thanks,product_price,medium,train,
kak paket hrgnya berapah ya,product_price,low,train,
layar bagus ga,product_description,medium,train,
permisi kak wool harganya berapa ya ya kak,product_price,medium,train,
Barang saya udah dikirim belum,order_status,low,train,
ordran aku statusnya apa,order_status,high,train,
bang mau tau harga layar nih,product_price,low,train,
Btw tracking pesanaan 333 makasih,order_status,medium,train,
berapaan sentuh,product_price,low,train,
fitur jaket puffer pria omniheat solid bertudung-biru-hijau-m,product_description,high,train,
cara bayar orderan,payment_info,low,train,
Cek status ord001,order_status,low,train,
Tambah item pesanan ke,out_of_scope,medium,train,
hai paket saya sudah sampai mana tolong,order_status,medium,train,
Stock kan kaus berapa,product_stock,low,train,
min OmniHeat Men's Solid Hooded Puffer Jacket-Blue-Green-L bgmn pls,product_description,medium,train,
Omniheat men's solid hooded puffer jacket-blue-yellow-l kyk gmn,product_description,clean,train,
mau tanya apakah Jaket Puffer Pria OmniHeat Solid Bertudung-Biru-Kuning-M masih tersedia stokyna,product_stock,medium,train,
hi pelayanan buruk ?,out_of_scope,clean,train,
spesifikasi syal,product_description,low,train,
kisaran harga Jaket Puffer Pria OmniHeat Solid Bertudung-Biru-Kuning-L,product_price,medium,train,
kak boleh tau spesifikasi stylish tidak,product_description,medium,train,
mba kak jacket-blue-green-m harganya berapa ya thanks,product_price,medium,train,
min stok cozy masih ada,product_stock,clean,train,
Bertudung-biru-hijau-l berapa duit,product_price,clean,train,
misi harga dingin sekarang nih,product_price,medium,train,
pake bri bs?,payment_info,clean,train,
Cara refund gimana thanks,out_of_scope,low,train,
Berapa harga penuh,product_price,clean,train,
min mau nanya fitur layar apa aja pls,product_description,clean,train,
mba spec Arctic Cozy Knit Uinsex Beanie apa dong,product_description,medium,train,
hi kak penuh masih ada ga stoknya dong,product_stock,high,train,
Dimensi omniheat men's solid hooded puffer jacket-blue-yellow-l,product_description,clean,train,
terima credit deh card gak,payment_info,medium,train,
berapa ya harga jacket-blue-green-m,product_price,medium,train,
Min hrgnnya kupluk brp,product_price,high,train,
berapaan men's,product_price,clean,train,
jaket puffer pria omniheat solid bertudung-biru-kuning-m warna hitam ada,product_stock,clean,train,
gimana pesanannya,order_status,medium,train,True
jacket-blue-green-l sold ou?,product_stock,medium,train,
admin bisa cek pesanan #99 ga,order_status,medium,train,
brg 99 dmn,order_status,low,train,
Stock ya omniheat berapa,product_stock,medium,train,
hi kapan deh pesanan pesanan 111 sampai thx,order_status,low,train,
Jaket Puffer Pria OmniHeat Solid Bertudung-Biru-Kuning-L dijual berapa,product_price,clean,train,
kak kualitas aksesori ?,product_description,medium,train,
OmniHeat Men's Solid Hooded Puffer Jacket-Blue-Green-L bgmn,product_description,medium,train,
omniheat men's solid hooded puffer jacket-blue-yellow-l ready stock,product_stock,clean,train,
Sis material wool ya kak,product_description,medium,train,
Mba duit puffer deh,product_price,high,train,
Kupluk rajut unisex arctic cozy msh ad?,product_stock,clean,train,
cod available ga,payment_info,medium,train,
bayar pake apa sih,payment_info,low,train,
cara pembayaran ya gimmana,payment_info,medium,train,
permisi mau tanya dong harga arctic cozy knit unisex beanie yang ada di toko berapa ya thx,product_price,medium,train,
Permisi mau nanya harga untuk bertudung-biru-kuning-l berapa ya,product_price,clean,train,
pria ready stock,product_stock,clean,train,
Berat kupluk rajut unisex arctic cozy,product_description,clean,train,
mau tau speknya,product_description,clean,train,True
bang tracking pesanan ORD123 nih,order_status,clean,train,
Misi kaus kaki campuran wol arctic warmth original ga tolong,product_description,medium,train,
orderan saya sttusnya apa,order_status,high,train,
brg #777 deh dmn,order_status,medium,train,
Arctic warmth wool blend socks bisa dibeli ga,product_stock,clean,train,
Warmth import atau lokal,product_description,high,train,
hai ready Arctic Frost Winter Accessories Bundle tolong,product_stock,high,train,
Permisi ad kupluk rajut unisex arctic cozy g,product_stock,medium,train,
order ORD-555 udah diproses belum,order_status,clean,train,
ad stok jaket puffer pria omniheat solid bertudung-biru-hijau-m g,product_stock,low,train,
bisa pake bni ga,payment_info,clean,train,
Paket Aksesori Musim Dingin Arctic Frost lagi diskon ga,product_price,low,train,
cek harga omniheat men's hmm solid hooded pfufer jacket,product_price,low,train,
orderan gw kok ga nyampe,order_status,medium,train,
Terima va bca ga,payment_info,clean,train,
admin aksesori ready stock makasih,product_stock,low,train,
Harganya omniheat men's solid hooded puffer jacket-blue-green-m brp thanks,product_price,high,train,
Permisi stock hooded berapa dong,product_stock,high,train,
karakteristik bliss,product_description,medium,train,
Metode bayar apa aja,payment_info,high,train,
tolong jelasin tentang Jaket Puffer Pria OmniHeat Solid Bertudung-Biru-Hijau-M dong,product_description,low,train,
penjeelasan ajcket-blue-yellow-l,product_description,high,train,
bang order 123 udah loh diproses belum thanks,order_status,high,train,
Kupluk rajut unisex arctic cozy masih ada,product_stock,clean,train,
Pembayaran ready,payment_info,clean,train,True
5iaapa kamu,out_of_scope,medium,train,
hi opsi bayar apa ??,payment_info,high,train,
kapan ya kira-kira nih sampai,order_status,high,train,
cek harga kaus,product_price,clean,train,
Review sarung tangan musim dingin arctic layar sentuh,product_description,clean,train,
Tukar barang,out_of_scope,medium,train,
sisa pria berapa,product_stock,clean,train,
cek pesanan #12345,order_status,low,train,
min info lengkap jacket-blue-yellow-l dong,product_description,medium,train,
kak boleh tau spesifikasi sentuh tidak,product_description,clean,train,
Beraat acessories,product_description,high,train,
permisi mau tau orderan udah 333 sampe mana thx,order_status,high,train,
ada promo men's ga,product_price,clean,train,
Eh duit jacket-blue-yellow-l makasih,product_price,medium,train,
ada toko offline,out_of_scope,low,train,
Warna omniheat ada apa aja,product_description,medium,train,
Bundle sih brp duit,product_price,medium,train,
Stk bertudung masih banyak ga,product_stock,high,train,
Sis duit paket sih,product_price,medium,train,
Kak mau tanya dong harga blend yang ada di toko berapa ya deh,product_price,clean,train,
omniheat meens solid hooded puffer murah jacket-blue-yellow-l ga,product_price,high,train,
cost stylish,product_price,low,train,
Cara refnud gimna,out_of_scope,medium,train,
hai pesanannya aku sudah belom diproses sih,order_status,high,train,
winter brpan,product_price,clean,train,
harga normal wool berapa,product_price,low,train,
harga satuan jacket-blue-yellow-l,product_price,medium,train,
halo min mau tanya dong kiriman saya nomor ord001 itu udah sampai mana ya,order_status,low,train,
winter aawet ga,product_description,medium,train,
halo cara refund gimana,out_of_scope,low,train,
sis mau tau ordran 123 udah sampe mana ya kak,order_status,medium,train,
lacak pesanan ORD-555,order_status,low,train,
bertudung all size ready ga,product_stock,clean,train,
stok tersedia winter,product_stock,low,train,
mas bisa transfer bank thx,payment_info,high,train,
hai kamu bot ya nih,out_of_scope,high,train,
status paket #555,order_status,medium,train,
ganti ukuran,out_of_scope,low,train,
pria awet ga,product_description,low,train,
orderan 123 posisinya dimana,order_status,clean,train,
Mau cek status pesanan,order_status,clean,train,
bertudung-biru-kuning-l kosong ga,product_stock,medium,train,
harga accessories yang ini berapa ??,product_price,low,train,
Arctic cozy knit unisex beanie kosong ga,product_stock,high,train,
Mau tanya untuk pembayarannya bisa pakai metode apa aja ya,payment_info,clean,train,
harga campuran yyang ini berapa,product_price,high,train,
kelebihan kaus kaki campuran wol arctic warmth,product_description,low,train,
available jenius ga,payment_info,clean,train,
cek dong pesanan ord-001 udah diproses belum,order_status,high,train,
penuh kosong ga,product_stock,clean,train,
stok wool masih banyak ga,product_stock,low,train,
Barang saya kapan sampai,order_status,low,train,
hai admin bisa cek pesanan 111 ga please,order_status,low,train,
hi status paket peanan 111 tolong,order_status,high,train,
stk tangan,product_stock,low,train,
Permisi kak untuk pembayaran tersedia metode apa saja,payment_info,low,train,
eh ada layar ga nih,product_stock,high,train,
Sis bertudung-biru-kuning-l msh ad?,product_stock,medium,train,
omniheat men's solid hooded puffer jacket-blue-green-m ukuran m ada ga,product_stock,clean,train,
bos dtl wool tolong,product_description,low,train,
kisaran harga penuh,product_price,low,train,
kak info produk omniheat men's solid hooded puffer jacket-blue-green-l thx,product_description,medium,train,
warmth brp duit,product_price,clean,train,
Material omniheat men's solid hooded puffer jacket-blue-yellow-l,product_description,low,train,
jaket rdy g,product_stock,high,train,
min barang saya kapan sampai,order_status,high,train,
diskon penuh brp persen,product_price,medium,train,
admin bsa cek pesanan ORD-555 ga,order_status,medium,train,
spesifikasi omniheat men's solid hooded puffer jacket-blue-yellow-l,product_description,low,train,
estimasi pengiriman order ord001,order_status,low,train,
bisa pake credit card ga,payment_info,medium,train,
warmth harga promo berapa,product_price,low,train,
kak men's in stock,product_stock,high,train,
mba pelayanan buruk please,out_of_scope,low,train,
Material pria,product_description,high,train,
Syal seperti apa,product_description,medium,train,
ad Arctic Warmth Wool Blend Socks g,product_stock,low,train,
jacket-blue-green-m all size ready ga,product_stock,low,train,
proses refund berapa lama,out_of_scope,low,train,
permisi mau nanya harga untuk tangan berapa ya,product_price,clean,train,
bos min inffo lengkap OmniHeat Men's Solid Hooded Pufer Jacket dong please,product_description,medium,train,
Orderan saya gimana,order_status,clean,train,
spesifikasi jacket,product_description,high,train,
Bayar pake apa sih,payment_info,clean,train,
Min mau tanya bs bayar pakai transfer bank tidak ya thx,payment_info,medium,train,
OmniHeat Men's Sold Hooded Puffer Jacket-Blue-Yellow-M msh ad?,product_stock,low,train,
pria sep3rti apa,product_description,high,train,
Bos mau tau harganya sih,product_price,medium,train,True
detail harga,product_price,medium,train,True
bingung nih,out_of_scope,low,train,True
stock jacket-blue-green-l berapa,product_stock,clean,train,
spec OmniHeat Men's Solid Hooded Puffer Jacket apa,product_description,clean,train,
alamat took dmiana,out_of_scope,medium,train,
Permisi bertudung-biru-kuning-l msh ready min,product_stock,medium,train,
btw halo admin mau nanya pembayaran bisa pakai apa saja ya ya,payment_info,medium,train,
Omniheat men's solid hooded puffer jacket-blue-green-m rdy g,product_stock,medium,train,
Test,out_of_scope,low,train,
admin nifo omniheat men's solid hooded puffer jacket-blue-green-l ?,product_description,low,train,
Min ready omniheat men's solid hooded puffer jacket-blue-green-l ya,product_stock,clean,train,
Psnan gw gmn,order_status,clean,train,
Sisa stok scarf,product_stock,low,train,
Gimana pesanannya,order_status,low,train,True
Permisi kak orderan saya yaang 333 kok blum dateng,order_status,high,train,
winter original ga,product_description,low,train,
Gan bahan arctic warmth wool blend socks apa ya kak,product_description,medium,train,
Min speifikasi aksesori thanks,product_description,high,train,
ada masalah,out_of_scope,clean,train,True
karakteristik Kupluk Rajut Unisex Arctic loh Cozy,product_description,low,train,
bisa return abrang ga,out_of_scope,high,train,
Mau tayna apakah jcaket masih tersedia stoknya,product_stock,medium,train,
Mas kamu bot ya,out_of_scope,high,train,
Omniheat men's solid hooded puffer jacket-blue-green-m mahal ga,product_price,clean,train,
eh harga jual dinngin ya,product_price,medium,train,
omniheat men's solid hooded puffer jacket-blue-yellow-l msh ad?,product_stock,clean,train,
uang saya kapan dikembalikan,out_of_scope,medium,train,
kualitas layar,product_description,low,train,
Cek status 111,order_status,clean,train,
Stk bertudung,product_stock,medium,train,
pembayaran apa saja yang tersedia,payment_info,medium,train,
Bingung nih,out_of_scope,clean,train,True
Mba caraa pakai blend ?,product_description,high,train,
aksesori berapa harganya ya,product_price,medium,train,
min barang salah kirim please,out_of_scope,low,train,
Terima pembayaran apa,payment_info,medium,train,
mba cara pembayaran gimana,payment_info,medium,train,
jam operasinoal,out_of_scope,medium,train,
Tarif penuh,product_price,low,train,
Omniheat men's solid hooded puffer jacket msh ad?,product_stock,clean,train,
Hai halo please,out_of_scope,high,train,
harganya OmniHeat Men's Solid Hooded Puffer Jacket-Blue-Yellow-L brp,product_price,medium,train,
tambah item ke pesanan,out_of_scope,clean,train,
cek harga $tylish,product_price,medium,train,
lacak order order-123,order_status,high,train,
Admin dimana pesanan saya please,order_status,low,train,
Btw kak boleh tau spesifikasi jaket puffer pria omniheat solid bertudung-biru-hijau-m tidak ?,product_description,medium,train,
admin ketersediaan jaket puffer pria omniheat solid bertudung-biru-hijau-m min,product_stock,high,train,
btw edit pesanan thanks,out_of_scope,low,train,
sis ad stok bundle g min,product_stock,high,train,
brp Paket Aksesori Musim Dingin Arctic Frost,product_price,clean,train,
Min harga warmth berapa,product_price,low,train,
jacket-blue-green-l original ga,product_description,low,train,
bliss kyk gmn,product_description,low,train,
kapan campuran ready lagi,product_stock,low,train,
hai status order #777 min,order_status,high,train,
sis ada accessories ga thanks,product_stock,clean,train,
Kak boleh tau spesifikasi kaus tidak,product_description,clean,train,
gan aksesori in stock ?,product_stock,high,train,
sisa jacket berapa,product_stock,high,train,
rajut ready ga,product_stock,medium,train,
hooded bgmn,product_description,low,train,
mau tanya apakah jacket-blue-green-m masih tersedia stoknya,product_stock,low,train,
Cek dong pesanan 1 udah diproses blom,order_status,low,train,
Spec blend,product_description,clean,train,
Cek resi ord-999,order_status,clean,train,
kapan layar ready lagi,product_stock,clean,train,
halo kak mau beli paket masih ada stok ga ?,product_stock,medium,train,
OmniHeat Men's Solid Hooded Puffer Jacket-Blue-Green-M waterproof ga,product_description,medium,train,
halo omniheat mens solid hooded puffer jacket-blue-green-l bisa dicuci mesin tolong,product_description,high,train,
kalo mau bayar pake va bisa ga min,payment_info,clean,train,
jaket harga promo berapa,product_price,clean,train,
Fitur sarung tangan musim dingin arctic sentuh layar,product_description,medium,train,
brg gw 99 dmn,order_status,low,train,
barang ready,product_stock,clean,train,True
Omniheat men's solid hooded puffer jacket-blue-green-l kyk gmn,product_description,clean,train,
bundle dijual sih berapa,product_price,medium,train,
Lacak pesanan ord-001,order_status,high,train,
kak bs bayar cicilan ga,payment_info,low,train,
omniheat men's solid hooded puffer jacket-blue-yellow-m rdy g,product_stock,clean,train,
Mba barang saya udah dikirim belum thx,order_status,clean,train,
sisa paket aksesori musim dingin arctic frost berapa,product_stock,low,train,
program affiliate,out_of_scope,low,train,
Accessories harganya berapa,product_price,medium,train,
Pesanan ord123 udah sampai mana,order_status,low,train,
Halo min mau tanya dong pesanan saya nomor 99 itu udah sampai mana ya,order_status,medium,train,
Estimasi pengiriman order #555,order_status,high,train,
bisa pake cash ga,payment_info,low,train,
help,out_of_scope,clean,train,True
harga bliss yang ini berapa,product_price,low,train,
psnan gw gmn,order_status,clean,train,
admin bliss ready ga,product_stock,low,train,
csot satuan penuh,product_price,medium,train,
sisa jacket-blue-green-l berapa,product_stock,clean,train,
kak stk paket aksesori musim dingin arctic frost pls,product_stock,medium,train,
Bayar pake apa hmm sih,payment_info,high,train,
Bang byr dmn min,payment_info,high,train,
pria ready ga,product_stock,low,train,
hi bayar di tempaat bisa thanks,payment_info,high,train,
Permisi kak orderan saya yang order-123 kok belum dateng,order_status,low,train,
Admin ga ngerti ya,out_of_scope,medium,train,True
admin accept cicilan ga ?,payment_info,medium,train,
Nomor telepon toko,out_of_scope,medium,train,
kak rajut all size ready ga thanks,product_stock,medium,train,
Admin jam operasoinal min,out_of_scope,high,train,
halo min info lengkap kuplk dong min,product_description,high,train,
Ga ngerti,out_of_scope,low,train,True
Stock available campuran,product_stock,clean,train,
kupluk msh ad?,product_stock,low,train,
mana nih ordran gw,order_status,medium,train,
Barang tidak sesuai mau tukar,out_of_scope,low,train,
price list pria,product_price,medium,train,
Barangnnya salah kirim,out_of_scope,high,train,
Bundle msh ad?,product_stock,clean,train,
status paket 12345,order_status,low,train,
Bertudung bagus ga,product_description,clean,train,
min order saya kok lama thx,order_status,medium,train,
gan Kupluk Rajut Unisex Arctic Cozy terbuat dari apa ??,product_description,clean,train,
Layar ready ga,product_stock,low,train,
availability bertudung-biru-kuning-l please,product_stock,high,train,
sis availability bertudung thx,product_stock,low,train,
kalo mau bayar pake linkaja bisa ga min,payment_info,low,train,
order #777 udah diproses blm,order_status,low,train,
Bos apa kabar thx,out_of_scope,medium,train,
Mau kerrja disini,out_of_scope,low,train,
Permisi admin syal dijual berapa pls,product_price,low,train,
bang bisa trasfer bank,payment_info,medium,train,
halo byr dmn ?,payment_info,medium,train,
Ada masalah,out_of_scope,medium,train,True
tolong jelasin tentang ya puffer dong,product_description,medium,train,
halo min mau nanya Arctic Frost Winter Accessories Bundle masih ready stock tidak ya,product_stock,medium,train,
Bos udah berapa hari kok belum nyampe ??,order_status,clean,train,
terima pembayaran apa,payment_info,clean,train,
warmth tinggal berapa nih,product_stock,clean,train,
Wool keren g,product_description,high,train,
bliss kyk gmn makasih,product_description,low,train,
berapaan omniheat men's solid hooded puffer jacket-blue-green-l,product_price,medium,train,
Mau kerja disini,out_of_scope,clean,train,
Lacak pesaan 1,order_status,high,train,
barang rusak,out_of_scope,low,train,
size L warmth ready,product_stock,high,train,
hrg Arctic Warmth Wool Blend Socks brp,product_price,clean,train,
stylish waterproof ga,product_description,low,train,
range harga Arctic Cozy Knit Unisex Beanie,product_price,clean,train,
Mas tangan harganya berapa,product_price,high,train,
tracking pesanan ord-999,order_status,clean,train,
jacket-blue-green-m bisa dicuci mesin,product_description,clean,train,
baya bertudung-biru-hijau-l,product_price,low,train,
pake va bs?,payment_info,low,train,
info penhu,product_description,medium,train,
bsia ambil langssung ga,out_of_scope,medium,train,
range harga jacket-blue-green-m,product_price,high,train,
puffer ready stock,product_stock,low,train,
Admin men's seperti apa thx,product_description,low,train,
tracking order 123,order_status,low,train,
price list omniheat men's solid hooded puffer jacket-blue-yellow-l,product_price,clean,train,
paket aksesori musim dingin arctic frost brpan,product_price,low,train,
Halo mau tanya apakah rajut masih tersedia stoknya sih,product_stock,clean,train,
harga jacket-blue-green-l sekarang,product_price,clean,train,
Estimasi pengiriman order pesanan 111,order_status,medium,train,
mas blend ada sertifikat ga thx,product_description,clean,train,
jam operasional,out_of_scope,low,train,
admin stylish all size rady ga nih,product_stock,low,train,
spec Arctic Cozy Knit Unisex Beanie,product_description,low,train,
Stylish harga promo berapa,product_price,clean,train,
Opsi bayar apa,payment_info,clean,train,
jam bka toko,out_of_scope,low,train,
Bisa pake qris,payment_info,clean,train,
Bisa return barang ga,out_of_scope,clean,train,
dimensi bertudung,product_description,clean,train,
hai available OmniHeat Men's Solid Hooded Puffer gitu Jacket ?,product_stock,high,train,
btw mau nanya fitur kupluk apa aja please,product_description,high,train,
stok tersedia jaket puffer pria omniheat solid bertudung-biru-kuning-m,product_stock,clean,train,
Refund ke rekening mana,out_of_scope,clean,train,
Cara bayar orderan,payment_info,medium,train,
available jacket-blue-green-m,product_stock,clean,train,
gan kak mau beli Kaus Kaki Campuran Wol AArctic Warmth masih ada stok ga dong,product_stock,medium,train,
Halo cek resi #99 pls,order_status,high,train,
paket saya sudah sampai gitu mana,order_status,medium,train,
Accept cimbb loh ga,payment_info,high,train,
jam buka toko,out_of_scope,medium,train,
eh ini gimana ya ?,out_of_scope,medium,train,True
Jaket Puffer Pria OmniHeat Solid Bertudung-Biru-Kuning-M bgmn,product_description,medium,train,
penuh keren g,product_description,low,train,
min bs tf ga dong,payment_info,medium,train,
Orderan gw kok ga nyampe,order_status,clean,train,
cek dong pesanan ord-999 udah diproses belum,order_status,clean,train,
bang stok tersedia puffer makasih,product_stock,low,train,
harga scarf yang ini berapa,product_price,low,train,
hrg men's,product_price,high,train,
Gan bayar di tempat bisa sih,payment_info,clean,train,
Bagaimana ya,product_description,low,train,True
Omniheat bgmn,product_description,clean,train,
spec jaket puffer pria omniheat solid bertudung-biru-kuning-m,product_description,medium,train,
omniheat lagi diskon ga,product_price,medium,train,
mau ekrja disini,out_of_scope,low,train,
kaus kaki campuran wol arctic warmth murah ga,product_price,low,train,
Admin info lengkapnya pls,product_description,medium,train,True
Min info lengkap eh penuh dong,product_description,high,train,
hai min stok wool masih ada thx,product_stock,clean,train,
dtl bliss,product_description,medium,train,
stok men's abis blm,product_stock,medium,train,
permisi jacket-blue-green-m habis belum deh,product_stock,medium,train,
min tolong lacak order 67890 dong,order_status,medium,train,
avalable ajcket,product_stock,medium,train,
cara refund gimana,out_of_scope,low,train,
bang bertudung-biru-kuning-l per unit berapa deh,product_price,low,train,
crraa pakai accessories,product_description,low,train,
Brg gw ord-001 dmn,order_status,low,train,
cek pesanan loh id 7788,order_status,low,train,
omniheat mahal ga,product_price,low,train,
Sis dtl kupluk dong,product_description,high,train,
brg gw ord-555 dmn,order_status,clean,train,
Dtl bliss,product_description,medium,train,
eh mau cek status pesanan,order_status,medium,train,
halo hrg omniheat min,product_price,medium,train,
Admin kaus ready ga,product_stock,clean,train,
omniheat men's solid hooded puffer jacket-blue-green-m bagus ga,product_description,clean,train,
Bang psnan gw orderan-123 kmn nih,order_status,high,train,
Sis size l pria ready makasih,product_stock,high,train,
bisa bayar pakai virtual account,payment_info,medium,train,
mas wool harga promo berapa ??,product_price,clean,train,
Tolong dong,out_of_scope,low,train,True
OmniHeat Men's Solid Hooded Puffer Jacket-Blue-Yellow-L tersedia ga,product_stock,low,train,
Jaket ppuffer pria omniheat solid bertudnug-biru-kuning-m masih ada,product_stock,medium,train,
Kupluk waterproof ga,product_description,medium,train,
cara perawatan puffer,product_description,low,train,
blend bisa dicuci mesin,product_description,medium,train,
kak mau tanya pesanan saya dengan nomor pesanan 111 sudah diproses belum ya,order_status,clean,train,
Tangan ready ga,product_stock,clean,train,
duit pnehu,product_price,medium,train,
Bertudung-biru-kuning-l harganya berapa,product_price,medium,train,
Jakte puffer pria omniheat solid bertudung-biru-kuinng-m tinggal berapa,product_stock,medium,train,
min mau bayar pake shopeepay bisa,payment_info,clean,train,
admin cod available ga ?,payment_info,low,train,
halo mau cek status pesanan,order_status,clean,train,
Jaket puffer pria omniheat solid bertudung-biru-hijau-m ready?,product_stock,clean,train,
mau tanya dong harga jacket yang ada di toko berapa ya,product_price,clean,train,
Pesanan id 7788 udah sampai mana,order_status,clean,train,
Permisi siapa kamu please,out_of_scope,high,train,
bang pesanan gw 123 kemana thanks,order_status,clean,train,
Mas sarung tangan musim dingin arctic layar sentuh brp duit please,product_price,medium,train,
harga arctic frost winter accessories bundle sekarang,product_price,low,train,
mba pria tinggal beapa please,product_stock,low,train,
mas kok lama bgt order ORD-999 please,order_status,medium,train,
scarf all size ready ga,product_stock,medium,train,
Admin cozy ready ga ??,product_stock,high,train,
Sis barang saya udah dikirim belum pls,order_status,low,train,
Bundle habis belum,product_stock,clean,train,
Kupluk Rajut Unisex Arctic Cozy all size ready ga,product_stock,clean,train,
Paket Aksesori Musim Dingin Arctic Frost harga promo gitu berapa,product_price,medium,train,
eh range hrgnya Arctic Warmth Wool Blend Socks thx,product_price,high,train,
Berapaan men's,product_price,clean,train,
kupluk gmn sih,product_description,clean,train,
gimana ini,out_of_scope,clean,train,True
hooded msh ad?,product_stock,medium,train,
fitur OmniHeat Men's Solid Hooded Puffer Jacket-Blue-Yellow-L,product_description,low,train,
eh winter msh ad?,product_stock,high,train,
ini gimana ya,out_of_scope,clean,train,True
gan mau lapor dong,out_of_scope,low,train,
metode payment,payment_info,low,train,
order sy udh diproses blom,order_status,medium,train,
gan siapa kamu makasih,out_of_scope,low,train,
admni OmniHeat Men's emm Solid Hooded Puffer Jacket-Blue-Green-L ready ga,product_stock,low,train,
Baayr pake apa sih,payment_info,medium,train,
warna lain scarf ada,product_stock,clean,train,
Warmth msh ready,product_stock,clean,train,
hi lowongan kerja ada ga deh,out_of_scope,clean,train,
kelebihan bertudung-biru-hijau-l,product_description,clean,train,
Hooded ada sertifikat ga,product_description,clean,train,
harga warmth sekarang,product_price,clean,train,
Kualitas puffer pls,product_description,high,train,
Produk tidak sesuai,out_of_scope,low,train,
mau tau lebih detail tentang penuh,product_description,clean,train,
Dropship bisa ga,out_of_scope,clean,train,
stok paket abis blm,product_stock,high,train,
Jaket puffer pria omniheat solid bertudung-biru-kuning-l ready?,product_stock,clean,train,
misi dimana pesanan saya thanks,order_status,high,train,
Tambah ietmm ke pesanan,out_of_scope,low,train,
Kamu bot ya,out_of_scope,clean,train,
hrg omniheat men's solid hooded puffer jacket-blue-green-m brp,product_price,clean,train,
hai kak penuh emm masih ada ga stoknya ??,product_stock,high,train,
Bs tf ga,payment_info,clean,train,
admin permisi mau nanya harga untuk jacket-blue-yellow-l berapa ya ??,product_price,clean,train,
bayar di tempat bisa,payment_info,low,train,
lowongan kerja ada ga,out_of_scope,medium,train,
hi harga normal blend berapa ??,product_price,high,train,
Btw cek pesanan 99 tolong,order_status,high,train,
mas kak paket masih ada ga stoknya tolong,product_stock,low,train,
mau bayar pake kartu kredit,payment_info,high,train,
omniheat men's solid hooded puffer jacket ukurannya apa aja,product_description,medium,train,
kak Paket Aksesori Musim Dingin Arctic Frost berapa harganya ya tolong,product_price,high,train,
Bayar lewat mana,payment_info,clean,train,
Gan omniheat men's solid hood3d puffer jacket-blue-green-l gmn sih makasih,product_description,medium,train,
Cara perawat@n paket,product_description,medium,train,
pesanan masih diproses ya,order_status,high,train,
Halo bisa pake goopay ga please,payment_info,medium,train,
permisi support ewallet ga ?,payment_info,high,train,
Gan ubah alamat pengiriman tolong,out_of_scope,clean,train,
mau tanya untuk pembayarannya bisa pakai metode apa aja ya,payment_info,medium,train,
Status order ord-555,order_status,clean,train,
kualitas jelek,out_of_scope,clean,train,
OmniHeat eMn's Solid Hooded Puffer Jacket-Blue-Green-M ukurannya apa aja,product_description,high,train,
permisi mau nanya harga untuk warmth berapa ya,product_price,clean,train,
Selamat siang admin saya mau cek status pesanan nomor order-123,order_status,medium,train,
arctic warmth wool blend socks kosong ga,product_stock,medium,train,
ada tko fofline,out_of_scope,medium,train,
bertudung masih ada,product_stock,low,train,
halo scarf tersedia ga ya,product_stock,low,train,
Sisa stylish berapa,product_stock,medium,train,
mau tau harga OmniHeat Men's Solid Hooded Puffer Jacket-Blue-Green-M,product_price,low,train,
status pengiriman ord-001,order_status,clean,train,
Bos kak mau beli arctic loh cozy knit unisex ebanie mashi ada stok ga thanks,product_stock,high,train,
hai ganti ukuran please,out_of_scope,low,train,
Bertudung murah hmm g,product_price,medium,train,
Bayar nih lewatt mana,payment_info,medium,train,
Aksesori in deh stock,product_stock,high,train,
permisi stk jacket-blue-green-m please,product_stock,low,train,
Bs ovo g,payment_info,low,train,
ada promo penuh ga,product_price,high,train,
Jam buka toko,out_of_scope,low,train,
cost pria,product_price,low,train,
btw psanan gw 123 kemana pls,order_status,high,train,
kak kamu bot ya ??,out_of_scope,clean,train,
jacket-blue-green-m gmn sih,product_description,low,train,
orderan 123 ud nyampe blm,order_status,low,train,
wool in stock,product_stock,clean,train,
men's berapa harganya ya,product_price,clean,train,
detail arctic deh frost winter accessories bundle,product_description,low,train,
Permisi kak orderan saya yang 333 kok belum dateng,order_status,clean,train,
cek status 123,order_status,clean,train,
Ada pria ga,product_stock,medium,train,
mau kembalikan barang,out_of_scope,medium,train,
terima bni tidak,payment_info,low,train,
men's awet ga,product_description,low,train,
ada Kaus Kaki Campuran Wol Arctic Warmth ga,product_stock,medium,train,
Kak fitur syal ya,product_description,medium,train,
Kalo mau bayar pake va bisa ga min,payment_info,medium,train,
gan p@ke cic1lan bs?,payment_info,low,train,
Stok tersedia arctic frost winter accessories bundle,product_stock,clean,train,
Misi proses refund berapa lama ??,out_of_scope,high,train,
hrg warmth,product_price,clean,train,
harga omniheat men's solid hooded puffer jacket-blue-green-m yang ini berapa,product_price,clean,train,
mau bayar pake bri,payment_info,high,train,
permisi orderan gw kok ga nyampe tolong,order_status,medium,train,
Permisi cancel pesanan ??,out_of_scope,low,train,
mau tanya bisa bayar pakai qris tidak ya,payment_info,medium,train,
available bliss,product_stock,low,train,
halo dingin waterproof ga thx,product_description,high,train,
bang terima qris loh tidak ?,payment_info,medium,train,
kak mau beli scarf masih ada stok ga,product_stock,clean,train,
cek resi ord-555,order_status,low,train,
eh pake transfer bank bs?,payment_info,low,train,
Brp warmth,product_price,low,train,
halo berapa harga penuh thanks,product_price,medium,train,
stk OmniHeat Men's Solid Hooded Puffer Jacket-Blue-Green-M,product_stock,high,train,
kak stock available arctic warmth wool blend socks ??,product_stock,low,train,
Barang cacat,out_of_scope,medium,train,
Sis metode b4yar apa aja sih,payment_info,high,train,
Mau beli paket aksesori musim dingin arctic frost berapa harganya,product_price,low,train,
wool terbuat dari apa,product_description,clean,train,
bisa return barang ga dong,out_of_scope,high,train,
ad stok cozy g,product_stock,low,train,
Btw mau tanya bisa sih bayar pakai jenius tidak ya pls,payment_info,medium,train,
cost sih Jaket Puffer Pria OmniHeat Solid Bertudung-Biru-Kuning-M,product_price,low,train,
Available paket aksesori musim dingin arctic frost,product_stock,clean,train,
availability Jaket Puffer Pria OmniHeat Solid Bertudung-Biru-Kuning-L,product_stock,low,train,
stock Kupluk Rajut Unisex Arctic Cozy berapa,product_stock,clean,train,
brg 333 dmn,order_status,medium,train,
Cost kupluk rajut unisex arctic cozy,product_price,clean,train,
Hi omniheat men's solid hooded puffer jacket-blue-yellow-l awet ga min,product_description,low,train,
Jaket Puffer Pria OmniHeat Solid Bertudung-Biru-Hijau-M ada sertifikat ga,product_description,low,train,
min harga OmniHeat Men's Solid Hooded Puffer Jacket-Blue-Green-L berapa,product_price,low,train,
hapus item dari keranjang,out_of_scope,clean,train,
Halo,out_of_scope,low,train,
harga satuan bertudung,product_price,low,train,
bisa kredit kan ga,payment_info,high,train,
waarna jacket-blue-green-l ada apa aja,product_description,medium,train,
Terima debit tidak,payment_info,clean,train,
bertudung-birru-hijau-l habbis belum,product_stock,high,train,
cek emm hrgyna jacket,product_price,high,train,
stok arctic cozy knit unisex beanie size s,product_stock,medium,train,
deskripsi bertuudng-biru-hijau-l,product_description,low,train,
apa kabar,out_of_scope,clean,train,
Rajt ready ga,product_stock,medium,train,
karakteristik syal,product_description,clean,train,
Misi halo min mau nanya kupluk rajut unisex arctic cozy masih ready stock tidak ya,product_stock,high,train,
metode pembayaran apa aja,payment_info,clean,train,
Terima bayar di tempat gak,payment_info,clean,train,
Mba metode byr apa ?,payment_info,medium,train,
bayar lewat emm mana,payment_info,low,train,
min duit jaket thx,product_price,medium,train,
eh permisi mau harga nanya untuk syal berapa ya thanks,product_price,high,train,
hi jadi reseller gimana nih,out_of_scope,clean,train,
bertudung-biru-kuning-l bs dibeli ga,product_stock,low,train,
Pembyran tersedia apa aja,payment_info,medium,train,
bang bayar pake apa min,payment_info,medium,train,
kapan psnan id 7788 sampai,order_status,medium,train,
Mau tanya apakah paket aksesori musim dingin arctic frost masih stoknya tersedia,product_stock,medium,train,
fitur jacket-blue-green-m,product_description,low,train,
Stock campuran berapa,product_stock,high,train,
mau nanya fitur Kupluk Rajut Unisex Arctic Cozy apa aja,product_description,clean,train,
cek dong orderan 12345 udah diproses belum,order_status,medium,train,
penuh bagus ga ?,product_description,high,train,
harga satuan omniheat,product_price,clean,train,
Bos rajut brapa duit nih,product_price,medium,train,
kualitas OmniHeat Men's Solid Hooded Puffer Jacket-Blue-Yellow-L,product_description,medium,train,
jaket puffer pria omniheat solid bertudung-biru-kuning-m rdy g,product_stock,low,train,
bs transfer bank g,payment_info,low,train,
admin bisa bayar sekarang thx,payment_info,low,train,True
kapan ya kira-kira sampai,order_status,low,train,
gan ada jacket-blue-green-l ga ?,product_stock,medium,train,
Bos arctic warmth wool blend socks duit berapa thanks,product_price,high,train,
bahan tangan apa,product_description,clean,train,
kak hrg hhooded brp thx,product_price,medium,train,
Kak ban men's apa dong,product_description,high,train,
Byr pke apa,payment_info,medium,train,
tolong bantu cek order saya nomor order-123 hmm ya,order_status,medium,train,
bang accept credit card gak makasih,payment_info,low,train,
Bs tf sih ga,payment_info,low,train,
halo admin penuh ready ga nih,product_stock,low,train,
Misi available jacket dong,product_stock,low,train,
min ada toko offline nih,out_of_scope,medium,train,
dtl OmniHeat Men's Solid Hooded Puffer Jacket-Blue-Green-L please,product_description,medium,train,
hi barang saya kapan sampai ya kak,order_status,medium,train,
bos metode bayar apa aja thanks,payment_info,low,train,
Kelebihan cozy,product_description,low,train,
bos hrg winter min,product_price,medium,train,
btw accept cicilan gak dong,payment_info,low,train,
berapaan bertudung-biru-hijau-l,product_price,clean,train,
harga sih normal rajut berapa,product_price,high,train,
Cara perawatan bertudung-biru-hijau-l,product_description,low,train,
eh mau cek status pesanan nih,order_status,low,train,
Info layar,product_description,medium,train,
Permisi byr pke apa please,payment_info,high,train,
brp tangan,product_price,high,train,
Kaus kaki campuran wol arctic warmth msh ready,product_stock,low,train,
admin Sarung Tangan Musim Dingin Arctic Layar Sentuh dijual berapa,product_price,low,train,
permisi brp jacket-blue-yellow-l ya kak,product_price,medium,train,
Lagi sale warmth ga,product_price,clean,train,
halo sisa stok campuran makasih,product_stock,low,train,
Permisi mau nanya harga untuk jaket puffer pria omniheat solid bertudung-biru-hijau-m berapa ya,product_price,low,train,
halo min mau tanya dong pesanan saya nomor id 7788 itu udah sampai mana ya,order_status,low,train,
kak stok campuran abis blm makasih,product_stock,low,train,
hrg omniheat,product_price,clean,train,
Info omniheat men's solid hooded puffer jacket-blue-yellow-l,product_description,clean,train,
Omniheat men's solid hooded puffer jacket-blue-yellow-m waterproof ga,product_description,low,train,
mba rajut kosong ga ya kak,product_stock,low,train,
syal kosong ga,product_stock,clean,train,
halo order psnan 111 udah diproses belom pls,order_status,medium,train,
Edit pesanan,out_of_scope,high,train,
Mau tau harga bertudung-biru-kuning-l,product_price,clean,train,
Cek harga aksesori,product_price,clean,train,
Cek dong pesanan 1 udah diproses belum,order_status,clean,train,
hi pirce jacket-blue-green-m tolong,product_price,medium,train,
penjelasan campuran,product_description,low,train,
hooded diujal berapa,product_price,high,train,
Mau lapor,out_of_scope,medium,train,
support cicilan,payment_info,clean,train,
Bertudung berapa harganya ya,product_price,low,train,
Gan mau refund tolong,out_of_scope,high,train,
ketersediaan OmniHeat Men's Solid Hooded Puffer Jacket,product_stock,clean,train,
Kak bisa bayar va ga,payment_info,low,train,
barang tidak sesuai mau tukar,out_of_scope,clean,train,
Ready jacket-blue-green-m,product_stock,medium,train,
bisa return barang ga,out_of_scope,clean,train,
status pengiriman #12345,order_status,medium,train,
terima debit gak,payment_info,clean,train,
Btw rajut anti air ??,product_description,clean,train,
Pebmayaran via apa,payment_info,high,train,
kak stock campuran ada ya,product_stock,high,train,
admin tolong bantu cek order saya nnomor 99 ya ?,order_status,high,train,
Karakteristik wool,product_description,low,train,
diskon jacket-blue-green-l berapa persen,product_price,medium,train,
Cara perawatan winter,product_description,clean,train,
Mau kembalikan barang,out_of_scope,low,train,
permisi kak buat pembayaran tersedia metode apa saja,payment_info,high,train,
ada promo jacket ga,product_price,low,train,
diskon omniheat men's solid hooded puffer jacket-blue-yellow-m berapa persen,product_price,low,train,
refund ke rekening mana,out_of_scope,low,train,
selamat siang admin saya mau cek status pesanan nomor 123,order_status,clean,train,
campuran masih ada,product_stock,clean,train,
admin bisa cek pesanan ord123 ga,order_status,clean,train,
min blend restock kapan thx,product_stock,high,train,
order #777 udah diproses belum,order_status,low,train,
mba terima gopay tidak sih,payment_info,medium,train,
kapan men's ready lai,product_stock,low,train,
Bisa dijelasin tentang produk jaket dong,product_description,clean,train,
min halo min mau tanya dong pesanan saya nomor nomor 888 itu udah sampai mana ya thanks,order_status,high,train,
Omniheat men's solid hooded puffer jacket-blue-yellow-m sold out?,product_stock,clean,train,
mba kak bisa bayar gopay ga,payment_info,medium,train,
bos mau tau lebih detail tentang cozy thx,product_description,medium,train,
Mba ketersediaan tangan thanks,product_stock,low,train,
barang saya udah dikirim belum,order_status,clean,train,
Sarung tangan musim dingin arctic layar sentuh warna hitam ada,product_stock,clean,train,
Mau komplain,out_of_scope,clean,train,
bahan sentuh apa,product_description,low,train,
Blend tersedia ga,product_stock,medium,train,
mau beli kaus kaki campuran wol arctic warmth berapa harganya,product_price,clean,train,
Cara nih perawatan warmth,product_description,medium,train,
ada promo jaket ga,product_price,medium,train,
material bertudung,product_description,low,train,
status paket ORD-555,order_status,low,train,
Bisa transfer bank,payment_info,medium,train,
batalkan order,out_of_scope,clean,train,
pesanan 123 udah sampai mana,order_status,medium,train,
Brp kupluk,product_price,low,train,
Cost jacket-blue-yellow-l,product_price,low,train,
sisa stok idngin,product_stock,medium,train,
kiriman saya mana ya,order_status,medium,train,
Kualitas syal,product_description,low,train,
Mau nanya fitur campurna apa aja,product_description,low,train,
info jacket-blue-green-m,product_description,clean,train,
Support cash,payment_info,low,train,
orderan saya gimana,order_status,clean,train,
tracking pesanan ORD-999,order_status,clean,train,
Sis info produk deh paket thanks,product_description,high,train,
misi tolong bantu cek order saya nomor 1 ya ?,order_status,clean,train,
status paket #777,order_status,low,train,
Blend ready ga,product_stock,clean,train,
spec aksesori,product_description,clean,train,
bos stok omniheat men's solid hooded puffer jacket-blue-yellow-l masih banyak ga thanks,product_stock,high,train,
syal anti air,product_description,low,train,
halo scarf original ga,product_description,medium,train,
cara refund gmana,out_of_scope,medium,train,
btw terima trnasfer bank itdak ??,payment_info,high,train,
bang siapa kamu thanks,out_of_scope,clean,train,
hooded hmm tinggal berapa,product_stock,high,train,
gan kaus terbuat dari apa ??,product_description,medium,train,
hai hrg $yal brp ya,product_price,medium,train,
tolong bantu cek order saya nomor 333 ya,order_status,medium,train,
kak kupluk rajut unisex arctic cozy terbuat dari bahan apa ya,product_description,clean,train,
Mba hrgnya jaket puffer pria omniheat solid bertudung-biru-kuning-m brp pls,product_price,high,train,
Size chart eh accessories,product_description,medium,train,
mau bayar pake bca,payment_info,medium,train,
kira kira OmniHeat Men's Solid Hooded Puffer Jacket itu harganya berapa ya kak,product_price,low,train,
bos status pengiriman ORD123 min,order_status,medium,train,
Berapa ya harga omniheat men's solid hooded puffer jacket-blue-green-m,product_price,clean,train,
Bang mau cek status pesanan thanks,order_status,clean,train,
tambah iteem ke pesanan,out_of_scope,low,train,
stk blend,product_stock,medium,train,
price Kupluk Rajut Unisex Arctic Cozy,product_price,clean,train,
min info lengkap rajut dong,product_description,low,train,
mba size l omniheat men's solid hooded puffer jacket-blue-yellow-l ready thanks,product_stock,clean,train,
kualitas Sarung Tangan Musim Dingin Arctic Layar Sentuh,product_description,low,train,
kapan men's ready lagi,product_stock,medium,train,
bertudung-biru-kuning-l warna ada hitam,product_stock,medium,train,
hrg jual omniheat men's solid hooded puffer jacket-blue-green-m,product_price,medium,train,
berat kupluk rajut unisex arctic cozy,product_description,low,train,
Bahan sarung tangan emm musim dingin arctic layar sentuh apa,product_description,medium,train,
Bayar gmn,payment_info,medium,train,
OmniHeat Men's Solid Hooed Puffer Jacket-Blue-Green-M bisa dibeli ga,product_stock,medium,train,
pembayaran sih via apa,payment_info,medium,train,
hi kamu bot ya ya kak,out_of_scope,high,train,
Masih available,product_stock,clean,train,True
harga normal omniheat berapa,product_price,low,train,
kapan accessories ready lagi,product_stock,clean,train,
bliss masih ada,product_stock,medium,train,
hi status pengiriman 67809 makasih,order_status,high,train,
kaus bisa dibeli ga,product_stock,clean,train,
Apa kabar sih,out_of_scope,medium,train,
mau komplain,out_of_scope,medium,train,
Bang kpn penuh ready lagi ??,product_stock,low,train,
opsi pembayaran,payment_info,low,train,
halo Arctic Warmth Wool Blend Socks lagi diskon ga nih,product_price,high,train,
info orderan,order_status,clean,train,True
penuh murah kan g,product_price,medium,train,
pria gmn sih,product_description,low,train,
mau tau lebih detail tentang layar,product_description,clean,train,
admin bisa eh cek pesanan order-123 ga,order_status,medium,train,
Detail pesanan,order_status,low,train,True
Kelebiahn arctic frost winter accessories bundle,product_description,low,train,
Sisa stok bertudung-biru-kuning-l,product_stock,clean,train,
Sis arctic cozy knit unsiex beanie brp sih sih,product_price,medium,train,
eh tracking pesanan #777 please,order_status,high,train,
Info orderan,order_status,low,train,True
kiriman nomor 888 dimana,order_status,clean,train,
min harga puffer berapa,product_price,clean,train,
mba harga jacket yang ini berapa sih,product_price,high,train,
Omnniheat men's solidd hooded puffer jacket terbuat dari apa,product_description,medium,train,
Ada stoknya,product_stock,medium,train,True
udah brapa hari kok belum nyampe,order_status,low,train,
Ad layar g,product_stock,medium,train,
terima va gak,payment_info,clean,train,
jacket tinggal baepa,product_stock,low,train,
Ada promo cicilan ga,payment_info,clean,train,
bisa pake qris,payment_info,medium,train,
ad promo @ksesori ga,product_price,medium,train,
sis tracking eh oredr #99 ya,order_status,high,train,
review sentuh,product_description,low,train,
hai pesanan id 7788 udah sampai mana min,order_status,high,train,
bos pesanan belum sampai juga ??,order_status,medium,train,
range harga penuh,product_price,low,train,
Harga omniheat men's solid hooded puffer jacket-blue-green-l sekarang,product_price,low,train,
hai stk omniheat men's solid hooded puffer jacket-blue-green-m nih,product_stock,low,train,
btw min tolong lacak order order-123 dong sih,order_status,high,train,
Biyaa jacke-tblue-yellow-l,product_price,medium,train,
kupluk brp sih,product_price,low,train,
btw ketersediaan blend thanks,product_stock,low,train,
kalo mau bayar pake jenius bisa ga hmm min,payment_info,medium,train,
Eh order #555 udah diproses belum ya kak,order_status,medium,train,
Kak halo ?,out_of_scope,high,train,
kecewa sama pelayanan,out_of_scope,low,train,
paket aksesori musim dingin arctic frost seperti apa,product_description,medium,train,
Dtl warmth,product_description,clean,train,
hi info produk cozy thx,product_description,medium,train,
mau nanya fitur rajut apa aja,product_description,clean,train,
bunndle msh ready,product_stock,low,train,
tolong dong,out_of_scope,clean,train,True
Batalkan order,out_of_scope,low,train,
mba barang rusak tolong,out_of_scope,clean,train,
gan mau tuker ukuran thanks,out_of_scope,medium,train,
Terima cash tidak,payment_info,clean,train,
barangnya salah kirim,out_of_scope,medium,train,
wool murah g,product_price,clean,train,
kaus kaki campuran wol arctic warmth dijual berapa,product_price,medium,train,
bang cost jaket puffer pria omniheat solid bertudung-biru-kuning-l tolong,product_price,medium,train,
stock jacket-blue-yellow-l berapa,product_stock,clean,train,
Mau lpaor,out_of_scope,low,train,
brg #777 dmn,order_status,low,train,
brp Jaket Puffer Pria OmniHeat Solid Bertudung-Biru-Hijau-M,product_price,clean,train,
Kak tangan ukurannya apa aja ??,product_description,medium,train,
garansi hooded,product_description,medium,train,
mas hrg Kupluk Rajut Unisex Arctic Cozy brp ?,product_price,clean,train,
Mas order gue ord123 mana ya kak,order_status,medium,train,
Pesanan sih belum sampai juga,order_status,high,train,
ada promo cicilan ga min,payment_info,medium,train,
Halo sisa stok omniheat men's solid hooded puffer jacket-blue-yellow-l deh,product_stock,low,train,
psce layar,product_description,high,train,
Status ordre ord-001,order_status,medium,train,
berapa ya harga arctic frost winter accessories bundle,product_price,low,train,
mau tau harga emm jaket,product_price,medium,train,
Ada puffer ga,product_stock,low,train,
Status pengiriman 111,order_status,low,train,
pembayaran via apa,payment_info,clean,train,
bos OmniHeat Men's Solid Hooded Jacket-Blue-Green-L Puffer harga promo berapa dong,product_price,high,train,
Min harga kaus kaki campuran wol arctic warmth berapa,product_price,clean,train,
bos bisa pake gopay ga thx,payment_info,medium,train,
mas kuplk raut unisex arctic cozy brp duit sih,product_price,high,train,
Tolong jelasin tentang paket aksesori musim dingin arctic frost dong,product_description,low,train,
kaus murrah g,product_price,medium,train,
duit kupluk rajut unisex arctic cozy,product_price,clean,train,
Dtl bertudung-biru-kuning-l,product_description,low,train,
stock OmniHeat Men's Solid Hooded Puffer Jacket-Blue-Green-M berapa,product_stock,clean,train,
permisi bayar di tempat bisa ya,payment_info,low,train,
Order saya kok lama,order_status,low,train,
Gan terima gopay tdiak tolong,payment_info,high,train,
min harga tangan berapa,product_price,medium,train,
Jaket Puffer Pria OmniHeat Solid Bertudung-Biru-Hijau-M per unit berapa please,product_price,clean,train,
Orderan pesanan 111 posisinya dimana,order_status,low,train,
eh min stok OmniHeat Men's Solid Hooded Puffer Jakcet mash ada please,product_stock,high,train,
dropship hmm bisa ga,out_of_scope,low,train,
Pesanan gw ord123 kemana,order_status,medium,train,
kak omniheat men's solid hooded puffer jacket-blue-yellow-l dijual berapa min,product_price,high,train,
min omniheat import atau lokal dong,product_description,high,train,
Stok tersedia jacket-blue-green-l,product_stock,low,train,
info scarf,product_description,low,train,
kak terima va bca ga pls,payment_info,medium,train,
bos estimasi pengiriman order 12345,order_status,high,train,
jadi reseller gmn,out_of_scope,low,train,
sisa deh stok warmth,product_stock,high,train,
Spesifikasi bertudung,product_description,low,train,
permisi bliss ada sertifikat ga ya,product_description,low,train,
ad masalah,out_of_scope,low,train,True
mba detail kupluk sih,product_description,medium,train,
mau tau harga OmniHeat Men's Solid Hooded Puffer Jacket-Blue-Yellow-L,product_price,medium,train,
Sarung tangan musim dingin arctic layar sentuh ready ga,product_stock,clean,train,
dingin berapa duit,product_price,low,train,
kaus ukurannya aja apa,product_description,medium,train,
permisi kak untuk pembayaran tersedia loh metode apa saja,payment_info,high,train,
min tolong lacak order #12345 dong,order_status,low,train,
kupluk rajut unisex arctic cozy ukurannya apa ya aja,product_description,high,train,
Mba price list jacket-blue-yellow-l sih,product_price,clean,train,
Pembayaran apa saja yang tersedia,payment_info,medium,train,
Mba tangan import lokal atau makasih,product_description,high,train,
kak bisa transfer bank ga kak thanks,payment_info,low,train,
permisi kak orderan saya yang order-123 kok deh belum dateng,order_status,medium,train,
Hai lagi sale cozy ga pls,product_price,high,train,
stock available bertudung,product_stock,clean,train,
bang kpn cozy ready lagi min,product_stock,low,train,
bisa ambil langsung ga,out_of_scope,clean,train,
cek harga accessories,product_price,clean,train,
Bsa dijelasin tentang prdk syal dong,product_description,low,train,
kalo mau bayar pake qris bisa ga min,payment_info,clean,train,
warna scarf ada apa aja,product_description,low,train,
admin ada ttoko offline dong,out_of_scope,low,train,
Paket saya gitu sudah sampai mana,order_status,medium,train,
metode pamyennt,payment_info,high,train,
hi deskripsi ppakt aksesori musim dingin arctic frost pls,product_description,low,train,
bang bia ambil langsung kan ga ??,out_of_scope,high,train,
reefund ke rekening manaa,out_of_scope,medium,train,
Kak admin aksesori ready ga please,product_stock,high,train,
penuh hmm waterproof ga,product_description,medium,train,
eh cek hrgnya men's thx,product_price,medium,train,
jacket-blue-green-l tinggal berapa,product_stock,low,train,
Metode payment,payment_info,low,train,
halo min mau nanya Jaket Puffer Pria OmniHeat Solid Bertudung-Biru-Hijau-M masih ready stock tidak ya,product_stock,clean,train,
kondisi pengiriman,order_status,low,train,True
Orderan ord-999 posisinya dimana,order_status,clean,train,
hai harga normal Kaus Kaki Campuran Wol Arctic Warmth berapa makasih,product_price,low,train,
Jaket in stock,product_stock,clean,train,
cara pembayaran gmaa,payment_info,low,train,
Bs cimb g,payment_info,clean,train,
Deskripsi kaus,product_description,low,train,
Stock blend berapa,product_stock,low,train,
hai bayar gmn sih,payment_info,medium,train,
kak stylihs murh g,product_price,high,train,
ada stokny,product_stock,low,train,True
kulaitas jlek,out_of_scope,medium,train,
Campuran bgmn,product_description,clean,train,
mas metode pembayaran apa hmm aja tolong,payment_info,medium,train,
ordran saya statusnya apa,order_status,low,train,
permisi kak jaket puffer pria omniheat solid bertudung-biru-kuning-l masih ada ga stoknya sih,product_stock,low,train,
Arctic frost winter accessories bundle tinggal berapa,product_stock,clean,train,
mas range harga omniheat men's solid hooded puffer jacket-blue-green-l min,product_price,medium,train,
Halo min mau nanya jacket-blue-green-m masih ready stock tidak ya,product_stock,low,train,
Misi price list omnihaet men's solid hooded puffer jacket-blue-greeen-m ??,product_price,high,train,
mas kapan ya kira-kira sampai makasih,order_status,low,train,
bliss terbuaat dari apa,product_description,low,train,
Omniheat men's solid hooded puffer jacket ready?,product_stock,medium,train,
kupluk anti air,product_description,low,train,
permisi apakah stok nih blend masih tersedia,product_stock,medium,train,
Min jaket puffer pria omniheat solid bertudung-biru-hijau-m ukuran m ada ga pls,product_stock,low,train,
terima kartu kredit gak,payment_info,low,train,
misi jadi reseller gimana sih,out_of_scope,low,train,
Boleh tau harga omniheat men's solid hooded puffer jacket tidak,product_price,medium,train,
winter keren g,product_description,low,train,
permisi mau nanya harga untuk winter berapa ya,product_price,clean,train,
cozy bgmn,product_description,clean,train,
Ad bliss g,product_stock,clean,train,
Review omniheat,product_description,clean,train,
Bisa shopeepay ga kak,payment_info,clean,train,
Status pengiriman 1,order_status,medium,train,
sis playnaan buruk ?,out_of_scope,high,train,
bundle original ga,product_description,clean,train,
Pesanan belum sampai juga,order_status,low,train,
mau tuker ukuran,out_of_scope,low,train,
ada cicilan deh ga,payment_info,medium,train,
paket murah g,product_price,clean,train,
barang tdak sesuai mau tukar,out_of_scope,low,train,
Produk tidak sesui,out_of_scope,low,train,
OmniHeat Men's Solid Hooded Puffer Jacket-Blue-Green-M ada sertifikat ga,product_description,clean,train,
Gan produk beda sama gambar makasih,out_of_scope,low,train,
satus paket #99,order_status,low,train,
Mas min mau bayar pake cash bisa thx,payment_info,low,train,
hi admin jacket ready ga ??,product_stock,high,train,
Info produk omniheat men's loh solid hooded puffer jacket-blue-green-m nih,product_description,medium,train,
Oredr id gue 7788 mana,order_status,high,train,
harga scarf berapa,product_price,clean,train,
pria harganya berapa,product_price,medium,train,
Bos bbarang ready thx,product_stock,medium,train,True
sis bs ovo g ya kak,payment_info,medium,train,
scarf ready?,product_stock,low,train,
Sis bayarr di tempat bisa ??,payment_info,medium,train,
Uang saya kapan dikembalikan,out_of_scope,clean,train,
campuran restock kapan,product_stock,medium,train,
Bisa kredit ga,payment_info,low,train,
